gene_name,interaction_score,drug_name
PPARG,0.84,CHEMBL:CHEMBL1833984
PARP1,2.1,CEP-9722
GPR55,0.547,PHENOLPHTHALEIN
RAB40B,7.501,AMSILAROTENE
NR1H4,0.761,THEONELLASTEROL E
AVPR1A,0.761,VASOPRESSIN TANNATE
CD8B2,1.382,COMPOUND 58 [PMID: 25037917]
AQP3,0.547,ROLAPITANT
ELAVL2,1.5,COMPOUND 17 [PMID: 23642479]
GATM,3.751,GLOFITAMAB
BTNL1,5.251,HG2+
NR3C2,1.382,FLUDROCORTISONE ACETATE
TNF,1.129,OZORALIZUMAB
DHFR,0.547,TRIMETREXATE
IFNL3,6.301,LEDIPASVIR
ADM,0.525,"PAROXETINE HYDROCHLORIDE, HEMIHYDRATE"
NQO1,2.02,CHEMBL:CHEMBL1287895
SSTR5,0.729,OCTREOTIDE ACETATE
CTSC,3,PENTOSAN POLYSULFATE
F2R,2.02,"N-(5-{4-CHLORO-3-[(2-HYDROXYETHYL)SULFAMOYL]PHENYL}-4-METHYL-1,3-THIAZOL-2-YL)ACETAMIDE"
TERT,3,CHEMBL:CHEMBL481161
C4BPAP2,0.547,CARBENOXOLONE
KDM4C,0.547,CHEMBL:CHEMBL1526167
ABL1,0.637,NILOTINIB
BBS4,1.5,AM-6120
CTAA1,1.05,G&OUML; 6983
HTR3D,1.5,PUMOSETRAG
PDE4A,0.597,ROFLUMILAST
SLC26A2,3.751,PROTEIN S
ADRB1,0.597,PROTOKYLOL HYDROCHLORIDE
ARSA,0.729,DECAMETHONIUM
ALB,0.597,[125I]SAUVAGINE (FROG)
ABL1,0.637,NILOTINIB
ACTG1,1.5,CXCL12-(1-17)
ADRB1,0.597,METIPRANOLOL
PTGIR,3.751,DINOPROST TROMETHAMINE
BBS1,0.547,AFT-II
RPE65,7.501,EMIXUSTAT HYDROCHLORIDE
ANOP1,1.281,YM298198
CXCR1,3.751,NAVARIXIN
ALPI,2.1,HUMAN GIP(3-42)NH2
RAB40B,7.501,PERETINOIN
RXRA,2.1,CHEMBL:CHEMBL451158
ADORA3,1.382,CIPARGAMIN
IL17A,1.01,REMTOLUMAB
ACTA1,2.02,CCL23
BCL7A,3.751,LG190178
FAAH,1.05,NABIXIMOLS
AIFM1,5.251,RECOMBINANT 70-KD HEAT-SHOCK PROTEIN
MARCKSL1,0.921,IL-6
EDNRA,0.761,ENDOTHELIN-1
SLC12A1,7.501,ETHACRYNATE SODIUM
ADRB1,0.597,LEVOBETAXOLOL HYDROCHLORIDE
JAK2,0.761,GANDOTINIB
SYK,3,FOSTAMATINIB
PTGIR,3.751,ESUBERAPROST
HTR2A,1.01,IFERANSERIN
KCNQ5,0.729,FLINDOKALNER
NGF,3.751,FULRANUMAB
TGFB2,15.002,LERDELIMUMAB
NR1H4,0.761,TROPIFEXOR
KRAS,0.547,SOVAPREVIR
GUCY1B2,1.01,OLINCIGUAT
ASGR1,3.751,VUPANORSEN SODIUM
IL17A,2.02,VUNAKIZUMAB
HTR3D,1.5,PUMOSETRAG
S1PR2,1.5,FINGOLIMOD LAURYL SULFATE
ELAVL1,2.1,NG-25
ABCC2,0.547,CEFUROXIME AXETIL
BCL2L1,7.501,APOGOSSYPOL
MT-RNR1,15.002,HYGROMYCIN B
DHRS9,15.002,CHEMBL:CHEMBL456414
TERT,3,CHEMBL:CHEMBL17442
ABCC2,0.729,CEFMETAZOLE
SLC6A2,0.736,GUANADREL SULFATE
CDKN1B,0.729,RECOMBINANT CD40-LIGAND
CP,1.296,TETRANDRINE
GJA1,0.562,EPIGALLOCATECHIN GALLATE
ITGB2,0.729,PANCREATIC PROTEOLYTIC ENZYMES
ST14,1.382,SURAMIN
EPHX2,0.75,COMPOUND 19A [PMID: 21855335]
IFNL3,1.05,INTERFERON ALFA-N1
JAK2,0.761,GANDOTINIB
HYKK,10.502,VARENICLINE
ABL1,0.637,NILOTINIB
IFNL3,3.15,VELPATASVIR
SYK,3,FOSTAMATINIB
NTRK1,2.158,TAVILERMIDE
PTGFR,3.751,TAFLUPROST
GNRHR2,0.729,DANAZOL
TNF,2.258,GOLIMUMAB
DHFR,0.547,TRIMETREXATE
CA1,2.1,DICHLORPHENAMIDE
F11,1.382,EP-7041
IDO1,3.751,KHK2455
PTGIR,7.501,RALINEPAG
TGFBR1,3.751,METELIMUMAB
NR1H2,2.02,BMS-852927
PARP1,4.201,INIPARIB
MAPK9,0.547,BENTAMAPIMOD
CD79B,1.382,POLATUZUMAB VEDOTIN
CD19,1.281,AUTOLOGOUS CD19 CAR-EXPRESSING CD4+/CD8+ T-CELLS MB-CART19.1
CD19,1.281,AUTOLOGOUS ANTI-CD19 CAR-EXPRESSING T-LYMPHOCYTES CLIC-1901
JAK2,0.761,GANDOTINIB
PARP1,2.1,PARP INHIBITOR E7016
MET,1.5,CAPMATINIB
GRIN3B,0.577,CNS-5161
CASP2,1.01,EMRICASAN
POLD2,0.729,TROXACITABINE
ITGAV,2.02,STX-100
EEF1D,0.729,AURORA KINASE INHIBITOR II
GCLC,1.05,WNY0824
ASIC1,1.382,[DES-ARG10]KALLIDIN
ASIC1,1.382,CHROMAN 28
CYP27B1,2.02,"SQ-24,798"
ACTB,1.5,BMS COMPOUND 87B
ACTB,1.5,LAZUCIRNON
ACTB,0.75,CCL24
ALAS2,1.01,UROCORTIN 2
IL15,3.751,ORDESEKIMAB
ALDH3A1,0.75,SKF-76783
ABCD2,1.382,FASIGLIFAM
ABCD2,1.382,PALMITATE
ABCD2,1.382,TUG-424
APOC2,1.05,BIMATOPROST (FREE ACID FORM)
GMFA,3.751,BMS-823778
PRDM1,1.5,COMPOUND 1A [PMID: 2153213]
PRDM1,1.5,"COMPOUND 6A [PATIL ET AL., 1989]"
KCNQ5,0.729,XE991
GDI2,10.502,PF-9363
AMY2B,1.382,[125I](3-IODO-TYR13)-MCH
ANOP1,1.281,[3H]R214127
SLC25A4,1.382,COMPOUND 4 [PMID: 21105727]
CSF1,3.751,PD-360324
AARS1,0.597,PD 102807
BAK1,0.729,BC-III
APBA1,1.281,[ARG14LYS15]N/OFQ
ANXA7,3.751,JMV457
SLC15A2,2.02,LYS[Z(NO2)]-VAL
BCKDHB,1.01,SELADELPAR
TFPI,1.382,ANDEXANET ALFA
RNF130,7.501,ODESIVIMAB
H1-2,7.501,COMPOUND 24 [PMID: 36723914]
DMP1,3.751,3M-002
ATP5F1BP1,1.5,A778317
PTGER1,3.751,ONO-8539
PSENEN,0.729,RG-4733
PMS2,1.5,PEMBROLIZUMAB
LAMC2,1.382,OCRIPLASMIN
PDCD1,1.281,TEBOTELIMAB
GYPA,7.501,COMPOUND 19A [PMID: 26506089]
ACTBP2,0.729,BP-CCL3
TSG101,1.01,CHEMBL:CHEMBL223575
EMD,3.751,COMPOUND 68 [PMID: 24900699]
AMY2B,1.382,C3
MMP9,1.05,CURCUMIN PYRAZOLE
PPARG,0.84,CHEMBL:CHEMBL202243
MICB,0.921,RIBAVIRIN
ALOX15B,0.761,JMR-132
ATP2A2,0.761,PYRAZOLOPYRIMIDINE 4N
TGFBR1,3,4-(3-PYRIDIN-2-YL-1H-PYRAZOL-4-YL)QUINOLINE
ALPI,2.1,GASTRIC INHIBITORY POLYPEPTIDE
APOBER1,1.05,ZK110841
TEK,0.547,REBASTINIB
ADRB1,0.597,BEVANTOLOL
MAPK11,0.597,KC706
GSTA1,2.1,[3H]BSP
PTGDR2,2.073,VIDUPIPRANT
SCD,7.501,ARAMCHOL
MYC,1.5,AMINOPTERIN
IL23R,1.129,INFLIXIMAB-DYYB
CTBP2,0.547,GSK690693
CNR2,2.02,FERRUGINENE C
EFNB2,1.01,ATUZABRUTINIB
BPGM,3.751,SINIGRIN
AMHR2,1.382,N-METHYL LTC4
NOTCH2,1.5,MK-0752
TNF,2.258,GOLIMUMAB
PDE4A,0.597,ROFLUMILAST
ATP4A,0.729,ESOMEPRAZOLE SODIUM
NR3C1,0.802,RELACORILANT
AKT3,0.547,MIRANSERTIB
GAA,0.729,DUVOGLUSTAT HYDROCHLORIDE
GBA1,1.5,AFEGOSTAT TARTRATE
PARP1,0.9,NIRAPARIB
S1PR2,1.5,AMISELIMOD HYDROCHLORIDE
ALOX5AP,7.501,VELIFLAPON
SENP7,0.547,CHEMBL:CHEMBL584668
TERT,3,CHEMBL:CHEMBL1254091
PPARG,0.84,CHEMBL:CHEMBL2208197
IFNL3,3.15,DACLATASVIR
SYK,3,FOSTAMATINIB
EPHA8,0.577,ANTINEOPLASTIC AGENT
GGT1,1.296,ANABOLIC STEROID
TNF,1.129,MEROPENEM ANHYDROUS
SLC6A4,0.597,EVODIAMINE
TRIB3,0.761,METHYLPHENIDATE HYDROCHLORIDE
PSEN1,1.515,SEMAGACESTAT
MMADHC,10.502,BETAINE
PARP1,2.1,RUCAPARIB PHOSPHATE
PARP1,0.9,NIRAPARIB
TNF,2.258,GOLIMUMAB
CHUK,3.751,PEPEROMIN E
IL11RA,10.502,INTERLEUKIN-11
CDK7,2.1,SNS-032
EIF4A1,2.02,SILVESTROL
IL11RA,10.502,INTERLEUKIN-11
ADRA1A,0.547,MEPHENTERMINE
ABL1,0.637,NILOTINIB
CD19,1.281,DUVORTUXIZUMAB
NCOA1,1.01,CHEMBL:CHEMBL533226
ACHE,2.317,HUPERZINE A
NPY5R,7.501,FR-79620
CXCR4,1.05,ULOCUPLUMAB
VEGFA,1.01,RISUTEGANIB
TRPV1,1.281,MAVATREP
DNMT1,0.597,ORAL AZACITIDINE
ADRB1,0.597,ANISODAMINE
TERT,3,CHEMBL:CHEMBL608862
ADRB1,0.597,DOBUTAMINE
CNN1,7.501,COMPOUND 2E [PMID: 31900320]
ABCC2,0.547,2(S)-AMINO-6-BORONOHEXANOIC ACID
BMP2K,2.1,COMPOUND 6 [PMID: 34333981]
EFNA2,1.01,L779450
ACP5,2.02,RONACALERET
FNTBL1,2.1,VBY-825
CTSC,7.501,ICATCXPZ-01
ACRV1,1.382,GAT211
CCKBR,0.597,SINCALIDE
ACTB,0.75,UCB35625
ACTBP2,0.729,BMS-753426
ALAS2,1.01,ASTRESSIN 2B
GTF2IP1,2.02,DUAL SEH/FAAH INHIBITOR 11
EN1,0.547,PIROTINIB
BLVRA,0.729,MINODRONIC ACID
ARRB1,1.281,RY024
ARSL,1.382,TBPS
ALOX15B,0.761,BIM28011
ADCY3,1.5,2-ARACHIDONOYLGLYCEROLPHOSPHOINOSITOL
DHODH,1.382,ANIFROLUMAB
ZFP36L2,3.751,3-METHYLHEXANAL
ZFP36L2,3.751,ALLOIN
NR3C2,1.382,CORTICOSTERONE
DMD,15.002,ETEPLIRSEN
DCN,3.751,CM-352
MMP7,1.5,MARIMASTAT
AQP4,1.382,R396
ANXA2,3.751,NEUROPEPTIDE S
PAK4,0.547,FRAX486
DPP6,0.525,IACS-9439
DPP6,1.05,PDGF RTK INHIBITOR
GNAI2,1.382,AG14361
NRG1,0.547,COMPOUND 8A [PMID: 23713581]
CDH16,0.729,FOLIC ACID
AMT,0.75,SPM-354
APOC4,1.382,ICI 192605
FXYD2,0.729,SKF96365
ATP5F1BP1,1.5,S-RHTX
ETV1,1.05,TRAMETINIB DIMETHYL SULFOXIDE
APC,0.597,OSUGACESTAT
CD274,0.865,TORIPALIMAB-TPZI
ICMT,1.05,SIMVASTATIN
F2R,1.01,VORAPAXAR
CCR2,0.761,RS-504393
ANXA7,3.751,NEUROTENSIN
SYK,1.5,PRT-2607
AMT,1.5,W146
PDCD1,1.281,CAMRELIZUMAB
TERT,3,IMETELSTAT
HTR2A,1.515,NELOTANSERIN
IL17A,2.02,PERAKIZUMAB
BCL2,1.281,DOLASTATIN 10
CD19,1.281,AUTOLOGOUS ANTI-CD19CAR-4-1BB-CD3ZETA-EGFRT-EXPRESSING T LYMPHOCYTES
IL1R1,3.141,ANAKINRA
AVPR1B,3.751,TERLIPRESSIN
BACE1,1.01,TAK-070
IL17A,2.02,AFASEVIKUMAB
CYP17A1,30.004,ORTERONEL
GSK3B,0.761,TIDEGLUSIB
CTSV,2.02,TRULI
GNAI2,1.382,SARUPARIB
ABCC8,1.05,GLICLAZIDE
ASIC1,1.382,PS020990
ALAS2,2.02,R121919
CD22,0.729,IMMUNOTOXIN
DPP4,0.525,OLARATUMAB
CD3G,0.525,TEBENTAFUSP
F2,1.382,ARGATROBAN
HTR1B,0.662,RIZATRIPTAN BENZOATE
INSR,0.75,INSULIN LISPRO PROTAMINE RECOMBINANT
LAMB2,1.382,OCRIPLASMIN
LAMC1,1.382,OCRIPLASMIN
CXCR4,6.301,MSX-122
GRIA4,0.597,MK-8777
JAK2,0.652,FEDRATINIB
PTGFR,3.751,LATANOPROSTENE BUNOD
IFNG,3.751,FONTOLIZUMAB
EPCAM,4.201,ADECATUMUMAB
CD19,1.281,ONCOLYSIN B
F8,9.266,TB-402
CXCL8,1.296,ABX-IL8
BACE1,2.02,ELENBECESTAT
DPP4,0.525,ANAGLIPTIN
IL18,0.79,4-PHENYLENEDIAMINE
NR1H2,2.02,ROVAZOLAC
ME3,0.921,THERAPEUTIC ANDROSTANOLONE
MYC,1.5,ADOZELESIN
IL12B,3.751,EGEN-001
GPR12,15.002,NEOCYCLOCITRINOL C
TG,1.129,ACEBUTOLOL
PTPN1,4.201,ISOBAVACHALCONE
ADRB1,0.597,BUPRANOLOL
TP73,0.597,GM-CSF
TSHB,1.382,LACTOSE
UCP2,0.547,HEPARIN
VDAC2,2.1,TCDD
DNAJB1,21.003,RECOMBINANT 70-KD HEAT-SHOCK PROTEIN
GCG,1.01,MECASERMIN
GDF15,3.751,SULINDAC SULFIDE
IRF2,5.251,GAMMA-INTERFERON
ITGB2,0.729,CYCLOOXYGENASE INHIBITOR
THBS1,3.751,METHYLCELLULOSE
NTRK1,1.079,LAROTRECTINIB
CACNA1S,0.901,SUCCINYLCHOLINE
UPB1,0.662,FLUOROURACIL
IL21R,0.921,RIBAVIRIN
MET,1.5,CAPMATINIB
IL12A,1.05,USTEKINUMAB
HLA-A,3.751,TETANUS ANTITOXIN
CD3D,0.547,ANTI-CD3 MONOCLONAL ANTIBODY
MYC,0.75,PHOSPHORODIAMIDATE MORPHOLINO OLIGOMER AVI-4126
NGF,15.002,CERE-110
UBA3,21.003,PEVONEDISTAT
EDNRB,3.751,BOSENTAN ANHYDROUS
ANXA1,0.597,HYDROCORTAMATE
CXCR4,2.1,CXCR4 ANTAGONIST USL311
SRD5A2,3.751,FINASTERIDE
CXCR4,3.15,MOTIXAFORTIDE
F8,9.266,TB-402
CYB5R4,2.1,RASBURICASE
PARP1,1.05,ORAL AZACITIDINE
EPB41,0.761,NICOTINE POLACRILEX
ZNF697,5.251,INTERFERON BETA-1B
CHRNA2,7.501,PIPECURONIUM
CPB2,3.751,"UK-396,082"
NGF,15.002,CERE-110
PRB2,7.501,OPROZOMIB
F10,0.595,RIVAROXABAN
CTF1,7.501,CARDIOTROPHIN-1
SIGMAR1,1.05,IGMESINE
KIR2DS1,21.003,IPH-2101
CNN1,3.751,CP-640186
ASIC2,0.761,"[D-PHE6,&BETA;-ALA11,PHE13,NLE14]BOMBESIN-(6-14)"
GCLM,2.02,COMPOUND 2 [PMID: 25408830]
EFNB2,1.01,CGI1746
ASIC1,1.382,COMPOUND 11 [PMID: 12812482]
CYP27B1,2.02,"UK-396,082"
CYP27B1,1.01,COMPOUND 3 [PMID: 14640538]
ACP5,1.01,NPS 2143
ACTA1,2.02,COMPOUND 2B-1 [PMID: 12614873]
ACTA1,1.01,CCL3
ACTBP2,0.729,CCL3
ACTG1,1.5,CXCL12&GAMMA;
ACTG1,1.5,"SDF-1, 1-9[P2G] DIMER"
ACTG1,0.75,MAVORIXAFOR
ACTG1,1.5,T140
ALDOA,3.751,(S)-4-CMTB
ASS1P6,1.5,SYM2081
METTL21A,2.25,CITALOPRAM
GART,1.281,BAVAROSTAT
PRDM1,1.5,COMPOUND 11JJ [PMID: 1656041]
ADCY3,1.5,MANSC (415-431)
BCL3,2.02,GSK2033
AMY2B,1.382,S36539
AMY2B,1.382,TPI 1361-17
ANOP1,1.281,COMPOUND 23H [PMID: 17929793]
ANOP1,1.281,COMPOUND 9N [PMID: 23084894]
BBS1,0.547,BC-III
BBS4,3.751,ABBV-318
AQP3,0.547,VOFOPITANT
NUAK1,7.501,HTH-01-015
SLC15A2,2.02,4-AMBA
H1-2,7.501,DASA-58
B2M,0.75,PEMBROLIZUMAB
JAK2,0.652,FEDRATINIB
POLE,0.6,PEMBROLIZUMAB
RAF1,2.02,C-RAF ANTISENSE OLIGONUCLEOTIDE ISIS 5132
PTGFR,15.002,LATANOPROST
ADRB3,0.75,AMOSULALOL
KRAS,0.547,MUC1-TARGETED PEPTIDE GO-203-2C
CDK7,0.525,ALVOCIDIB
NR1H4,0.761,THEONELLASTEROL F
APH1B,1.01,AVAGACESTAT
ASIC1,1.382,"[SAR,D-PHE8,DES-ARG9]BRADYKININ"
IL12B,3.751,EGEN-001
POLE,0.6,PEMBROLIZUMAB
BRD4,0.79,I-BET151
ATP4A,0.729,(S)-LIQUIRITIGENIN
BRD4,1.382,RO-6870810
PDCD1,1.281,PIDILIZUMAB
SCN5A,0.597,LICARBAZEPINE
CD3D,0.547,OTELIXIZUMAB
CCKBR,0.597,CCK-33
SYK,0.75,P505-15
MMP9,4.201,ANDECALIXIMAB
ITGB2,0.729,AME-133V
CBS,2.1,BETAINE
PTGFR,15.002,TRAVOPROST
FCER1A,3.751,BENZYLPENICILLOYL POLYLYSINE
DPH1,1.382,ISTIRATUMAB
NR3C1,0.802,CHEMBL:CHEMBL1915269
EPCAM,4.201,ADECATUMUMAB
CSF2,2.1,NAMILUMAB
PPARG,0.84,SEIMATOPOLIDE A
H2AC25,1.05,TRICHOSTATIN A
MT-RNR1,3.751,PLAZOMICIN
PTPN1,4.201,LICOAGRODIN
B2M,0.75,PEMBROLIZUMAB
TOP1MT,0.84,TOPOTECAN HYDROCHLORIDE
SERPINA6,0.547,BECLOMETHASONE
IL1R1,3.141,ANAKINRA
ADCY3,0.75,LYSOPHOSPHATIDYLINOSITOL
ALDH7A1P4,1.05,FLECAINIDE ACETATE
ADRB3,1.5,NIPRADILOL
FOLR3,2.1,VBY-825
RUNX1,0.75,CETIRIZINE HYDROCHLORIDE
DMP1,7.501,"COMPOUND 12P [LARSON ET AL., 2017]"
LAMA1,1.382,OCRIPLASMIN
MAP2K2,0.597,RG-7167
NR3C1,0.802,CORT 108297
GRIA4,0.597,PESAMPATOR
NR3C1,0.802,ORG-34517
SYK,1.5,R-343
CNR2,2.02,PRS-211375
DPP4,1.05,GOSOGLIPTIN
BRD2,1.01,RO-6870810
BRD3,0.597,RO-6870810
DPP4,2.1,DUTOGLIPTIN
TLR9,4.633,LEFITOLIMOD
PARP1,2.1,AMELPARIB DIHYDROCHLORIDE DIHYDRATE
TNF,1.129,AVX-470
FFAR1,7.501,CHEMBL:CHEMBL277845
TNNI3,0.525,PYROGALLOL RED
MET,1.5,CAPMATINIB
EPHX2,3,ALOIN
ADRB3,3,LY-377604
F10,0.595,RIVAROXABAN
TERT,1.5,SURATADENOTUREV
ADRA1A,0.547,SILODOSIN
FFAR1,7.501,DIDODECANOYLPHLOROGLUCINOL
FGF2,0.568,THYROTROPIN
FOS,2.1,RECOMBINANT INTERFERON BETA
NTF3,2.02,RECOMBINANT INTERFERON BETA
PRB2,7.501,DELANZOMIB
HLA-B,1.382,PENICILLIN V
BACE1,1.01,OXAZINE 89
GRK5,1.5,TRANDOLAPRIL
PDCD1,1.281,VUDALIMAB
PDCD1,1.281,TEBOTELIMAB
MET,1.5,MET TYROSINE KINASE INHIBITOR SGX523
NPR1,1.01,CENDERITIDE
CD19,1.281,AUTOLOGOUS CD19CAR-CD28-CD137/CD27/CD3ZETA-ICASP9-EXPRESSING T-LYMPHOCYTES
PTGFR,3.751,CARBOPROST TROMETHAMINE
CYP26C1,10.502,TALAROZOLE
ACHE,2.317,AMBENONIUM
PTGFR,15.002,LATANOPROST
KCNJ1,0.729,MINOXIDIL
ALDH5A1,3.751,SUCCINIC ACID
GATM,3.751,HYDRONIDONE
MCHR1,3.751,SNAP-7941
OPN4,0.75,ANILERIDINE
TH,1.5,SAPROPTERIN
THRA,7.501,DEXTROTHYROXINE SODIUM
BRD4,0.79,APABETALONE
ACAT2,0.729,RHODEI-LITORIN
EFNA2,2.02,COMPOUND 2 [PMID: 26061392]
CNR2,1.01,AM10257
SLC1A1,3.751,NBI-59159
CBLB,1.05,ASPARTIC ACID
ADCY3,1.5,CLUL1 (52-77)
AQP4,1.382,SB 414240
ANXA1,0.597,RFRP-3
SHROOM2,1.05,MK-4256
APOC4,1.382,U46609
DHX9,2.1,ILOMASTAT
ATP4A,0.729,NARINGENIN
ATP5F1BP1,0.75,PHENYLACETYLRINVANIL
FKBP1AP1,5.251,COMPOUND 2C [PMID: 24900538]
ACP5,2.02,CALHEX 231
ACP5,2.02,UPACICALCET
CTSC,7.501,COMPOUND 3D [PMID: 3941405]
ETV5,1.05,TRAMETINIB DIMETHYL SULFOXIDE
CNR2,2.02,GW842166
ATP4A,0.729,ESOMEPRAZOLE STRONTIUM
GATM,3.751,UBLITUXIMAB
GLRX,5.251,BELATACEPT
CDC42BPA,0.597,RKI-1447
TSPO,1.382,NS5818
SLCO1B3,0.525,GLYCYRRHIZIC ACID
ALAS2,1.01,NBI-34041
PDCD1,1.281,TISLELIZUMAB
ALB,0.597,UROCORTIN 1
COX11,7.501,FUREGRELATE SODIUM
CCN2,0.577,ACE INHIBITOR
APOBEC1,2.1,ARRY-502
APOBEC1,1.05,QAV680
FGF22,3.751,MORACIN M
EMD,1.5,COMPOUND 17 [PMID: 23642479]
APOBER1,2.1,ONO-8713
ZBTB4,10.502,VARENICLINE
AQP8,1.281,COMPOUND 47 [PMID: 35640059]
LAMA3,1.382,OCRIPLASMIN
AQP8,1.281,BAY1316957
CHRFAM7A,10.502,VARENICLINE
NAT1,0.729,PRUCALOPRIDE
ALOX5AP,7.501,FIBOFLAPON SODIUM
GDI2P1,10.502,PF-9363
CD19,1.281,LISOCABTAGENE MARALEUCEL
TUT7,1.382,RIBAVIRIN
ALPI,2.1,HUMAN GIP(5-30)NH2
INSR,1.5,"INSULIN ASPART PROTAMINE, HUMAN"
PRDM1,1.5,"COMPOUND 1 [PATEL ET AL., 1991]"
HTR4,1.923,CISAPRIDE
ACRV1,1.382,MRI-1867
ARVD4,1.01,GINKGOLIDE B
ACRV1,1.382,AM6538
FRA13C,10.502,COMPOUND 7 [PMID: 31381331]
SENP2,21.003,N-ETHYLMALEIMIDE
MET,1.5,CAPMATINIB
ADRA1A,0.547,DAPIPRAZOLE HYDROCHLORIDE
ALDH5A1,3.751,DIVALPROEX SODIUM
FRA15A,10.502,COMPOUND 7 [PMID: 31381331]
DIO1,5.251,PROPYLTHIOURACIL
BRAFPS1,3.751,ACESULFAME
KRAS,0.547,SIMEPREVIR SODIUM
NR1H2,2.02,HYODEOXYCHOLIC_ACID
NR3C2,1.382,LY2623091
ZFP36L2,3.751,CITRONELLAL
PSEN1,1.515,SEMAGACESTAT
FFAR1,3.751,FASIGLIFAM
EPCAM,2.1,TUCOTUZUMAB CELMOLEUKIN
TNNC1,4.501,LEVOSIMENDAN
DPP4,1.05,GEMIGLIPTIN
SLC10A2,2.02,MARALIXIBAT
ANXA2,1.5,N-ETHYLMALEIMIDE
KEAP1,2.1,RA839
GBA1,3,AMBROXOL
GNAS,1.5,CHEMBL:CHEMBL1561747
ASGR2,1.01,H+
ABCC4,1.129,CEFMETAZOLE
DNMT1,0.597,BENZANTHRONE
HKDC1,0.577,"2,6-DIMETHOXYQUINONE"
PTPN1,2.1,"1,2-DIHYDROXYNAPHTHALENE"
PPARG,0.84,CHEMBL:CHEMBL2178583
SIGMAR1,6.301,[3H]PENTAZOCINE
SLCO1B1,0.761,SILYBIN B
ARSA,0.547,PIRENPERONE
PTPN1,4.201,CHEMBL:CHEMBL2207339
IFNL3,9.451,SIMEPREVIR
CST3,0.921,RIBAVIRIN
HTR4,1.923,CISAPRIDE
CXCL8,1.296,KLEBSIELLA PNEUMONIAE GLYCOPROTEIN
MICA,5.251,RECOMBINANT 70-KD HEAT-SHOCK PROTEIN
MYC,1.5,LOBAPLATIN
C9orf72,5.251,USTEKINUMAB
DCTN1,1.05,ILOMASTAT
MT-RNR1,7.501,ISEPAMICIN
SLCO1B1,0.761,ELAGOLIX
DNAAF9,1.382,RIBAVIRIN
BCL2L11,0.525,IMATINIB
CACNA1I,1.5,ETHOSUXIMIDE
BMP5,3,CITALOPRAM
IFNL3,9.451,SIMEPREVIR
OASL,1.382,RIBAVIRIN
G6PD,1.05,SODIUM ASCORBATE
SLCO1B1,0.761,DULAGLUTIDE
MET,1.5,CAPMATINIB
PSMC2,0.729,CARFILZOMIB
PSENEN,0.729,CHEMBL:CHEMBL247471
INSR,1.5,"INSULIN GLULISINE, HUMAN"
EDNRA,0.761,SOVATELTIDE
CYP26B1,10.502,TALAROZOLE
CHEK1,1.382,XL844
ADRA1A,0.547,PHENYLPROPANOLAMINE
PTGER1,3.751,CARBOPROST TROMETHAMINE
PDCD1,1.281,GEPTANOLIMAB
SYK,0.75,P505-15
ZFHX3,0.729,MECAMYLAMINE
PDCD1,1.281,SASANLIMAB
OPN4,0.75,METHADYL ACETATE
CXCR4,2.1,LY-2624587
COX8A,0.597,DEXIBUPROFEN
CTSO,3.751,PHT-427
AFP,2.02,PHOSPHATIDYLSERINE
ACAT2,0.729,PD 168368
ACP5,2.02,AC265347
CNR2,1.01,AM1241
ACTA1,1.01,CCX354
ACTBP2,0.729,E913
ACTG1,1.5,CXCL12&DELTA;
DUSP2,0.729,NAPORAFENIB
APOBEC1,2.1,15(R)-15-METHYL-PGD2
ALDH3A1,0.75,(+)-ADTN
EN1,0.547,ALLITINIB
ARSC2,1.382,TBPS
ART1,1.382,TBPS
ARSD,1.382,TBPS
ART2P,1.382,TBPS
AQP3,0.547,EZLOPITANT
AQP3,0.547,FK-888
ANXA1,0.597,PANCREATIC POLYPEPTIDE
ANXA2,3.751,NEUROPEPTIDE S
ANXA2,3.751,[CY5-LYS19]NPS
ASGR2,1.01,MG2+
BAD,0.547,AZD3778
CMKLR1,5.251,SAPROPTERIN
ERVT4,7.501,GAMCEMETINIB
AMY2B,1.382,7-FLUOROCHROMONE-2-CARBOXAMIDE
ATP1B3P1,0.729,IVERMECTIN
APBA1,1.281,AC-RYYRIK-NH2
ANXA2,3.751,PI1
ANXA2,3.751,QA1
F9,1.382,AKT INHIBITOR X
GNAI2,1.382,DUAL VEGFR/PARP INHIBITOR 14B
CTAA2,0.547,INGENOL MEBUTATE
SIGMAR1,1.05,PRE-084
SIGMAR1,2.1,BD-1047
SIGMAR1,6.301,[3H]PENTAZOCINE
CTAA2,0.729,ENZASTAURIN
ATP5F1BP1,1.5,[3H]RESINIFERATOXIN
NRG1,0.547,I-C11
ANXA2P3,2.02,[125I]PYY (PIG)
KRAS,0.547,CETUXIMAB
PDCD1LG2,0.75,PEMBROLIZUMAB
SLC38A2,10.502,ALANINE
ETV4,0.525,TRAMETINIB DIMETHYL SULFOXIDE
CD3G,1.05,SOLITOMAB
CDH12P2,0.761,KETANSERIN
NR3C2,1.382,APARARENONE
DCN,1.5,RECOMBINANT 70-KD HEAT-SHOCK PROTEIN
F2,1.382,CYANIDIN
EFNB2,1.01,RILZABRUTINIB
AXL,0.547,BATIRAXCEPT
NQO1,2.02,BETA-LAPACHONE PRODRUG ARQ 761
CEL,7.501,BUCELIPASE ALFA
CSF2,2.1,OTILIMAB
SLC15A2,2.02,[3H]MIROGABALIN
OPN4,0.75,AXELOPRAN
ALDOA,3.751,TUG-1375
AMT,0.75,A-971432
ERVT3,3.751,BIX02188
AKT3,0.547,MK-2201
APH1B,1.01,AVAGACESTAT
APOBEC3F,0.729,CHEMBL:CHEMBL590672
AQP1,1.382,"L-803,087"
APOC4,1.382,[125I]PTA-OH
DOCK3,3.751,H. POLYGYRUS TGF-&BETA; MIMIC
ATP5F1BP1,1.5,DIPHENYLBORONIC ANHYDRIDE
TIRAP,5.251,USTEKINUMAB
IL12B,3.751,BRIAKINUMAB
ACTA1,1.01,BP-CCL3
ADRA1A,0.547,SILODOSIN
PARP1,3.15,"4-[3-(1,4-DIAZEPAN-1-YLCARBONYL)-4-FLUOROBENZYL]PHTHALAZIN-1(2H)-ONE"
IL15,3.751,CELL SURFACE ANTIGEN
REEP5,1.05,"PAROXETINE HYDROCHLORIDE, HEMIHYDRATE"
GART,1.281,COMPOUND 7D [PMID: 19111466]
CXCR4,4.201,CHEMBL:CHEMBL2062277
ERVT4,3.751,COMPOUND 8 [PMID: 17480064]
CACNA1G,0.729,APINOCALTAMIDE
ALAS2,2.02,DMP696
AMT,0.75,SAR247799
INSR,0.75,INSULIN TREGOPIL
KRAS,0.547,CETUXIMAB
INSR,0.75,INSULIN ZINC SUSP EXTENDED BEEF
INSR,0.75,INSULIN ZINC SUSP PROMPT BEEF
LAMA5,1.382,OCRIPLASMIN
LAMA4,1.382,OCRIPLASMIN
CDKN2A,2.02,POLO-LIKE KINASE 1 INHIBITOR GSK461364
MAP2K2,0.597,RO-4987655
FFAR1,3.751,LY2881835
SLC22A12,1.01,PRATOSARTAN
ADRB3,1.5,RAFABEGRON
ROS1,0.729,ALK/C-MET INHIBITOR TQ-B3139
CEACAM5,0.761,MEDI-565
IDO1,7.501,LINRODOSTAT
GUCY1B2,1.01,RUNCACIGUAT
HLA-B,2.512,ABACAVIR
ATP4A,0.729,FEXUPRAZAN
GBA1,1.5,CHEMBL:CHEMBL408500
TERT,3,ISOBONDUCELLIN
DHRS9,15.002,CHEMBL:CHEMBL461471
ACTB,0.75,CXCL9
SENP7,0.547,CHEMBL:CHEMBL546865
SYK,0.75,R-348
RASGRP3,5.251,PHORBOL 12-MYRISTATE 13-ACETATE
GPR12,15.002,CYCLOCITRINOL
RACGAP1,0.75,PHENIDONE
UBE2N,2.1,SPERMINE TETRAHYDROCHLORIDE
PMM2,1.5,EBSELEN
RACGAP1,0.75,CHEMBL:CHEMBL1173140
ERG,0.577,CHEMBL:CHEMBL146525
RCE1,7.501,CHEMBL:CHEMBL512935
RAD54L,1.05,CHEMBL:CHEMBL1344912
TERT,3,CHEMBL:CHEMBL91163
CRHR2,3.751,BRONCHODILATOR
EPHA8,0.577,PRN694
ITGA2B,0.729,ANGIOGENESIS INHIBITOR
PRL,0.729,BENZNIDAZOLE
EPCAM,1.05,KEYHOLE LIMPET HEMOCYANIN
RAD52,0.597,CETYLPYRIDINIUM CHLORIDE
MET,1.5,CAPMATINIB
GNRH1,0.79,UBENIMEX
P3H3,5.251,SERTRALINE HYDROCHLORIDE
AMY2B,1.382,[3H]SNAP-7941
SULT2B1,0.547,IDARUBICIN
RHBDF2,0.761,PAREGORIC
TNF,1.129,PLACULUMAB
TGFB2,15.002,BELAGENPUMATUCEL-L
INSR,1.5,"INSULIN GLULISINE, HUMAN"
VEGFA,1.01,VEGLIN
TNNC1,4.501,LEVOSIMENDAN
IL17F,7.501,BIMEKIZUMAB
IL17A,2.02,BIMEKIZUMAB
GCG,2.02,COTADUTIDE
INSR,0.75,AGT-182
INSR,0.75,RECOMBINANT HUMAN KALLIKREIN-1
IKBKB,7.501,SAR-113945
SLC10A2,2.02,264W94
CYP17A1,7.501,CYP17/CYP11B2 INHIBITOR LAE001
CD19,1.281,COLTUXIMAB RAVTANSINE
BIRC5,0.597,SURVIVIN MRNA ANTAGONIST EZN-3042
NGF,7.501,FASINUMAB
ABCF1,1.281,AH 11110
EFNA2,1.01,PLIXORAFENIB
BRD3,0.597,ARV-771
BDKRB2,0.547,[DES-ARG9]BRADYKININ
CD27,7.501,INHIBITOR E4
CYP2C8,0.597,MELK-TI
ACTA1,1.01,UCB35625
ALB,0.597,UROCORTIN 2
ACTG1,1.5,CXCL12&PHI;
CPD,0.597,FADROZOLE
GPR12,3.751,GSK343
BLVRA,0.729,IBANDRONATE
ABCD2,1.382,GW9508
APOC2,2.1,AS604872
APOC2,2.1,AL12180
CSF3R,2.02,COMPOUND 1 [PMID: 16821802]
PRDM1,1.5,COMPOUND 33 [PMID: 17574412]
PRDM1,1.5,COMPOUND 42 [PMID: 17574411]
ADCY3,0.75,ABNORMAL CANNABIDIOL
DMTN,3.751,COMPOUND 47 [PMID: 28737909]
DMTN,7.501,IKK-BETA INHIBITOR R-28
AZF2,1.01,XE991
AMPH,1.01,AM966
KAT6B,10.502,PF-9363
GDI1,5.251,PF-9363
ERVT4,7.501,MK2A INHIBITOR
AMYP1,3.751,MCH (SALMON)
ABR,1.01,[3H]DIHYDROALPRENOLOL
ATF3,7.501,"&ALPHA;-CONOTOXIN MII [H9A, L15A]"
AQP3,0.547,CASOPITANT
AQP3,0.547,FOSAPREPITANT
ANXA2,3.751,NEUROPEPTIDE S
SLCO1B3,1.05,[3H]ESTRADIOL-17&BETA;-GLUCURONIDE
COL9A3,2.1,CYCLIC GMP
BIRC5,0.597,TIP39
RYR2,0.597,RUTHENIUM RED
STK4,3.751,XMU-MP-1
AQP1,1.382,"H-C[CYS-PHE-LAGL(N&BETA;ME,BENZOYL)-DTRP-LYS-THR-PHE-CYS]-OH"
FGF13,5.251,COMPOUND 2C [PMID: 24900538]
SRP19,0.75,CITALOPRAM
ATP2A3,0.729,SKF96365
PTGFR,15.002,TRAVOPROST
APBA1,1.281,PWT2-N/OFQ
ANOP1,1.281,COMPOUND 23C [PMID: 17929793]
AQP4,1.382,GR94800
KMT2A,0.547,I-CBP112
KCNMA1,0.729,FLINDOKALNER
ACRV1,1.382,AM841
RAD52,0.597,JATRORRHIZINE
RGS12,1.01,SANGUINARINE SULFATE
TP73,0.562,EPIGALLOCATECHIN GALLATE
ALAS2,1.01,ASTRESSIN
G6PD,0.525,NALIDIXIC ACID
CD274,0.562,DURVALUMAB
CTSF,5.251,VBY-825
EFNB2,1.01,CINSEBRUTINIB
GBA1,3,VELAGLUCERASE ALFA
APOBEC1,1.05,&DELTA;12-PGJ2
ASS1P10,0.547,"SERINE, D-"
C8A,0.547,CARBENOXOLONE
BTS1,1.5,9-ANTHROIC ACID
ACP5,2.02,COMPOUND (S)-3H [PMID: 15686947]
BBS4,7.501,SUZETRIGINE
PPARG,0.84,KANZONOL X
EML4,0.761,AGERAFENIB
APOC4,1.382,NTP42
ROS1,1.01,LORLATINIB
NR3C1,0.802,METHYLPREDNISOLONE ACETATE
DHFR,0.525,PEMETREXED DISODIUM
POLA1,1.036,CLOFARABINE
CSF3R,2.02,LIPEGFILGRASTIM
APH1B,1.515,SEMAGACESTAT
RPE65,15.002,EMIXUSTAT
AANAT,0.597,[3H]4-DAMP
ATP3,1.382,NAADP
PPIA,7.501,ALISPORIVIR
TGFB2,1.5,BINTRAFUSP ALFA
CD3G,0.525,GLOFITAMAB
INSR,0.75,"INSULIN, PROTAMINE ZINC"
CSF3R,2.02,REGRAMOSTIM
DHFR,0.525,PEMETREXED DISODIUM
GNAS,1.5,CHEMBL:CHEMBL1500913
NQO1,2.02,CHEMBL:CHEMBL476968
TNNT2,0.525,PYROGALLOL RED
NR1I3,3.751,CHEMBL:CHEMBL458602
TLR2,7.501,RESVERATROL HEXANOIC ACID
TRPV5,3.751,TETRAHYDROCANNABIVARIN
RAD52,0.597,PALMATINE CHLORIDE
ARSA,0.547,CHEMBL:CHEMBL466465
RPS6KA3,3,CHEMBL:CHEMBL529177
MAPK14,0.761,TALMAPIMOD
ATP5F1BP1,1.5,MRS-1477
ABCG2,0.547,SILYMARIN
CDKN1A,1.129,PENTETIC ACID
IL15,7.501,IMMUNOADJUVANT
CXCL8,1.296,ALUMINUM HYDROXIDE
LIF,1.382,CLOMIPHENE CITRATE
MBP,3.751,BIOFLAVONOID
OSM,10.502,IL-10
PTGER1,1.5,IL-10
RAB5A,10.502,RECOMBINANT HEPATOCYTE GROWTH FACTOR
SRP19,1.05,"PAROXETINE HYDROCHLORIDE, HEMIHYDRATE"
G6PD,0.525,SULFADIAZINE
OAS1,0.921,RIBAVIRIN
GRIA4,0.597,SELURAMPANEL
SLC6A4,0.597,DAPOXETINE
NPY5R,1.5,PEPTIDE YY
NQO1,2.02,VATIQUINONE
HSP90AB1,0.761,RETASPIMYCIN
MUC16,22.503,OREGOVOMAB
HTR3C,1.5,PUMOSETRAG
CA6,7.501,ANTI-CA6-DM4 IMMUNOCONJUGATE SAR566658
VEGFA,1.01,BI-836880
MUC16,22.503,OREGOVOMAB
CES1,0.761,K-604
ADH5,7.501,NOX-6-18
IL15,3.751,ORDESEKIMAB
ESR1,0.736,BRILANESTRANT
KCNQ3,3.751,AZETUKALNER
PARP1,2.1,NIRAPARIB TOSYLATE
PARP1,2.1,PARP-1/2 INHIBITOR ABT-767
PARP1,2.1,INO-1001
CACNB1,3.751,ESTRADIOL DISULFATE
ABR,1.01,BUTOXAMINE
UBE2K,0.921,DEXTROAMPHETAMINE SULFATE
ACP5,1.01,ETELCALCETIDE
ACTA1,2.02,"CP-481,715"
ALAS2,1.01,VERUCERFONT
ALAS2,2.02,ANTALARMIN
ACTG1,1.5,X4-HIV-1 GP120
EMD,3.751,COMPOUND 72 [WO2013026806]
AQP3,0.547,LANEPITANT
AQP8,1.281,ONO-AE3-208
CBLN1,0.729,DL-TBOA
ARRB1,1.281,ONO-8590580
ART3,1.382,TBPS
ADCY3,1.5,SPAG11B (61-103)
TAS2R46,0.729,PICROTOXININ
KEAP1,2.1,COMPOUND 10 [PMID: 31411465]
IFNL3,1.05,GRAZOPREVIR
NR3C2,1.382,DROSPIRENONE
CTNNA2,3.751,HALICIN
INSR,1.5,"INSULIN ASPART PROTAMINE, HUMAN"
APBA1,1.281,[NPHE1]N/OFQ-(1-13)-NH2
APBA1,1.281,UFP-112
ANXA1,0.597,1DME
BAD,0.547,PD-118057
DPP6,0.525,FLT-3 INHIBITOR II
CTF1,7.501,COMPOUND 13C [PMID: 20684591]
SHROOM2,1.05,"BN-81,674"
TLR2,3.751,PEPTIDOGLYCAN
APOC4,1.382,STA2
APOC4,1.382,DOMITROBAN
ATP5F1BP1,0.75,5S-HETE
TSC2,2.25,EVEROLIMUS
RASA1,1.05,TRAMETINIB DIMETHYL SULFOXIDE
FLCN,1.5,EVEROLIMUS
CD274,0.927,NAB-PACLITAXEL
RET,1.296,VEPAFESTINIB
KRAS,0.547,FURAPREVIR
GCLM,2.02,COMPOUND 34 [PMID: 25974391]
GRP,0.729,RANITIDINE HYDROCHLORIDE
ADRB1,0.597,LANDIOLOL
BCKDHB,1.01,GW501516
CD19,1.281,RELMACABTAGENE AUTOLEUCEL
FOS,1.05,COMPOUND (R)-26 [PMID: 22686657]
ATP5F1BP1,1.5,RHTX
SHROOM2,1.05,"L-796,778"
APOC4,1.382,PBT-3
F9,1.382,NONACOG ALFA
PI4KA,1.5,ALPELISIB
DMTN,7.501,MLN-120B
NAT2,0.729,RIFAPENTINE
SLCO2B1,2.1,SILYBIN B
SIGMAR1,2.1,PENTAZOCINE LACTATE
LAMA2,1.382,OCRIPLASMIN
KEAP1,1.05,RIVOCERANIB
LINC00473,0.547,IBUDILAST
ATP5F1BP1,0.75,MAVATREP
EGLN3,2.1,VADADUSTAT
KIR2DS2,10.502,IPH-2101
ATM,1.079,CAMONSERTIB
HTR3C,1.5,PUMOSETRAG
TMPRSS15,1.05,CHEMBL:CHEMBL1534034
NGF,22.503,TANEZUMAB
KCNQ3,3.751,AZETUKALNER
PRDM1,1.5,COMPOUND 4FF [PMID: 1656041]
ACTG1,0.75,TIQ-15
KLKB1,7.501,LANADELUMAB-FLYO
GLUD1P3,1.01,BRINZOLAMIDE
AMHR2,1.382,BAYCYSLT2
GZMA,7.501,RECOMBINANT BETA CHEMOKINE
ASIC1,1.382,D-LYS0-[DES-ARG10]KALLIDIN
GRK3,0.729,CORTISTATIN-14
FLCN,1.5,EVEROLIMUS
TSC2,2.25,EVEROLIMUS
INSR,0.75,INSULIN ZINC SUSP PURIFIED BEEF/PORK
LAMC3,1.382,OCRIPLASMIN
LAMB4,1.382,OCRIPLASMIN
PTGIR,3.751,TREPROSTINIL DIOLAMINE
BIRC5,0.597,[ILE5]PTHRP-(1-36)
RAF1,2.02,RG-7376
CHEK1,1.382,RG-7741
NPY5R,15.002,VELNEPERIT
KRAS,0.547,NARLAPREVIR
PARP1,1.05,2X-121
GUCY1A2,0.729,OLINCIGUAT
CA12,7.501,TRIFLUOROMETHANESULFONAMIDE
MMP9,4.201,CARBOXYLATED GLUCOSAMINE
BACE1,2.02,CHEMBL:CHEMBL2047666
GNAS,1.5,TRIACETIN
PHOSPHO1,0.75,EBSELEN
CA1,1.05,METHAZOLAMIDE
CA2,2.02,DORZOLAMIDE HYDROCHLORIDE
GBA1,0.75,APTIGANEL HYDROCHLORIDE
SIGMAR1,1.05,DEXTROMETHORPHAN HYDROBROMIDE
CYP3A43,7.501,POMEGRANATE JUICE
SIGMAR1,2.1,PENTAZOCINE HYDROCHLORIDE
KCNJ3,5.251,THYROTROPIN
PCNA,0.6,PENTOXIFYLLINE
CARD16,1.382,RIBAVIRIN
CLMN,1.296,PRAVASTATIN SODIUM
SLC22A3,0.547,LAMIVUDINE
CYP2R1,0.921,RIBAVIRIN
IFIT1,1.382,RIBAVIRIN
CYP27B1,2.02,TENOFOVIR DISOPROXIL FUMARATE
PPARG,0.84,MBX-2044
SIGMAR1,1.05,OPC-14523
ITGB2,0.729,LIFITEGRAST
TGFB2,7.501,TRABEDERSEN
NPY5R,15.002,VELNEPERIT
ADORA2B,0.729,CAFFEINE CITRATE
F2,1.382,DESIRUDIN
RRM2,0.577,GALLIUM NITRATE
UGCG,1.05,PRALICIGUAT
TGFBR1,7.501,TGFBETA INHIBITOR LY3200882
PTPA,10.502,LB-100
CDK7,1.05,MEVOCICLIB
NEDD8,10.502,PEVONEDISTAT
ADORA1,0.729,NELADENOSON
PTH1R,3.751,ABALOPARATIDE
ACAT2,0.729,NEUROMEDIN B (1-30) (HUMAN)
GPR22,0.547,NAVITOCLAX
ASIC1,1.382,[125I]HPP-DESARG10HOE140
BDKRB2,0.547,NPC 18565
ACTB,0.75,CXCL10
ALB,0.597,SAUVAGINE
ACTG1,0.75,ULOCUPLUMAB
ALDOA,3.751,CATPB
ABCD2,1.382,MYRISTIC ACID
APOC2,1.05,TAFLUPROST
ASS1P6,1.5,DOMOIC ACID
AMD1P2,1.382,UR-PG146
PRDM1,1.5,COMPOUND 41 [PMID: 17574411]
GRK2,0.547,CHLOROQUINE
CACNA1I,1.5,ETHOSUXIMIDE
F2R,2.02,VORAPAXAR SULFATE
AZF2,2.02,AZETUKALNER
AZF2,0.577,LINOPIRDINE
ANOP1,1.281,COMPOUND 11S [PMID: 19433355]
ANOP1,1.281,COMPOUND 9A [PMID: 22266036]
BAK1,0.729,AFT-II
ANXA7,3.751,JMV431
NUAK1,3.751,HTH-02-006
COL9A1,2.1,CYCLIC GMP
RAF1,1.01,LGX-806
PDE5A,0.547,COMPOUND 3M [PMID: 32603117]
BCL2L1,3.751,7-HYDROXYCHOLESTEROL
AMT,0.75,RP-101075
ATP2B1,0.547,GSMTX-4
ATP5F1BP1,1.5,5'-IODORESINIFERATOXIN
CD274,0.562,DURVALUMAB
AVPR1A,0.761,LYPRESSIN
IL12A,1.05,USTEKINUMAB
PSEN1,1.01,AVAGACESTAT
TNF,1.129,PEGSUNERCEPT
CD3E,0.729,SOLITOMAB
CD3G,0.525,ELRANATAMAB
IKBKB,7.501,SAR-113945
CD274,0.927,ERFONRILIMAB
GUCY1A2,0.729,RUNCACIGUAT
TRPV1,1.281,VOACANGINE
PPARG,0.84,CHEMBL:CHEMBL2208195
HNRNPA1,3,CAMPTOTHECIN
PRKAB1,1.01,METFORMIN
ADRB1,0.994,BETAXOLOL
CGB5,0.729,DANAZOL
IFNL3,2.1,OMBITASVIR/PARITAPREVIR/RITONAVIR
NAT2,0.729,SULFAMETHAZINE
RFK,3,CITALOPRAM
NGF,7.501,PG-110
CD3G,0.525,FBT-A05
AVPR1B,3.751,TERLIPRESSIN
SIGMAR1,2.1,BLARCAMESINE
TGFBR1,3.751,LY-2382770
PPP2CA,21.003,LB-100
MMP9,2.1,DP-B99
PTGDR2,0.79,RAMATROBAN
BACE1,2.02,LANABECESTAT
CD19,1.281,CD19CAR-CD3ZETA-4-1BB-EXPRESSING ALLOGENEIC T-LYMPHOCYTE CELLS
ACTBP5,7.501,ZK 756326
GATM,3.751,VELTUZUMAB
ALAS2,2.02,[125I]CRF (OVINE)
ALAS2,1.01,SAUVAGINE
ALAS2,1.01,[125I]SAUVAGINE (FROG)
ALB,0.597,ASTRESSIN 2B
ALB,0.597,ASTRESSIN
ACTG1,1.5,CXCL12-(1-9) DIMER
AMHR2,1.382,ICI198615
DHODH,1.382,VIDOFLUDIMUS
CSNK1G2,3.751,3 ALPHA-AMINOCHOLESTANE
F2R,2.02,PZ-128
PDCD1,1.281,TORIPALIMAB
GLA,2.02,A-196
CD274,0.927,PUCOTENLIMAB
PDCD1,1.281,PENPULIMAB
JAK2,0.652,FEDRATINIB
INSR,0.75,"INSULIN [INJECTION], BIPHASIC"
INSR,0.75,"INSULIN, ISOPHANE"
INSR,0.75,"INSULIN HUMAN, ISOPHANE"
PSMC2,0.729,CARFILZOMIB
ABCC4,1.129,CEFAMANDOLE
SSTR2,0.729,SRIF-28
STAT1,0.729,IPRIFLAVONE
RGS12,0.525,SANGUINARIUM
NOD2,7.501,MURABUTIDE
CASP1,2.02,BERKELEYAMIDE B
AMYP1,7.501,COMPOUND 38 [PMID: 22123324]
GUCA2B,10.502,POLYETHYLENE GLYCOL 4000
SULT1A3,1.01,ACETAMINOPHEN
RNF130,7.501,LARCAVIXIMAB
AQP1,1.382,&BETA;3-TETRAPEPTIDE
ELANE,0.761,MW01
PRDM1,1.5,COMPOUND 9 [PMID: 1992149]
EPHA8,1.01,COMPOUND 7 [PMID: 22464456]
EFR3A,1.5,CLOPIDOGREL
EPS15,0.729,XILIERTINIB
PTH1R,3.751,TERIPARATIDE ACETATE
MPI,0.597,CHEMBL:CHEMBL1412489
RNF130,7.501,PORGAVIXIMAB
CA1,2.1,DICHLORPHENAMIDE
MAPK9,0.547,CC-401
NPY5R,7.501,S-237648
TRPV1,1.281,SB-705498
CCKBR,0.597,PROGLUMIDE
CD79B,1.382,POLATUZUMAB VEDOTIN
GUCY1A2,0.729,VERICIGUAT
PDE4A,0.597,TOFIMILAST
TLR2,7.501,CHEMBL:CHEMBL1836411
GRM4,7.501,FOLIGLURAX
CTSC,7.501,BRENSOCATIB
CNR2,2.02,S-777469
IL17A,2.02,IZOKIBEP
PDCD1,1.281,CS-1003
SLCO1B3,0.525,ELTROMBOPAG
CHUK,7.501,AILANTHINONE
CNR2,1.01,"N-[6-(4-CHLOROPHENYL)-7-(2,4-DICHLOROPHENYL)-2,2-DIMETHYL-3,4-DIHYDRO-2H-PYRANO[2,3-B]PYRIDINE-4-YL]-4,4,4-TRIFLUORO-3-HYDROXYBUTANAMIDE (DIASTEREOMERIC MIX)"
NR1D1,10.502,SR9011
NLRP3,0.729,4'-METHOXYFLAVONE
CEACAM6,3,ANTISERUM
GNRH1,0.502,DAPSONE
IL2,0.547,DIETHYLSTILBESTROL DIPHOSPHATE
SULT1A2,0.761,STREPTOZOCIN
HLA-A,3.751,BACAMPICILLIN
ADAM33,1.281,THERAPEUTIC CORTICOSTEROID
TAAR6,1.281,THERAPEUTIC CORTICOSTEROID
MIR4481,1.296,VINCRISTINE
CYP2E1,3.751,METACETAMOL
ZNF542P,2.1,SIMVASTATIN
SLCO1B1,0.761,EZETIMIBE / SIMVASTATIN
SCN5A,0.597,DISOPYRAMIDE
BAD,0.547,ANTI-CD19 CAR T CELLS AT101
CXCR4,6.301,ULOCUPLUMAB
ATP4A,0.729,ESOMEPRAZOLE SODIUM
TGFB2,15.002,LERDELIMUMAB
DPP4,1.05,MELOGLIPTIN
CA1,2.1,DICHLORPHENAMIDE
IDO1,3.751,INDOXIMOD PRODRUG NLG802
SLC46A1,0.729,FOLIC ACID
IL11RA,10.502,INTERLEUKIN-11
GRM2,3.751,LY404039
CYP4B1,1.05,TCDD
ITGAM,0.547,PHENYLEPHRINE
KRT17,2.1,TCDD
MUC2,15.002,GPI-0100
XRCC5,3.751,TRIBUTYRIN
ADRB3,1.5,BITOLTEROL
PDE4A,0.597,ROFLUMILAST
ABCB5,2.073,HALOPERIDOL DECANOATE
SLC6A5,2.073,HALOPERIDOL DECANOATE
PLA2G1B,1.01,MANOALIDE
ADRB1,0.597,BUCINDOLOL HYDROCHLORIDE
RORA,0.75,CITALOPRAM
NAT1,0.729,TD-8954
CNN1,3.751,TOFA
PGM1,10.502,ACETALDEHYDE
COL26A1,1.5,CITALOPRAM
ASIC1,1.382,LYS-KALLIDIN
ASIC1,1.382,B-9958
ACTB,1.5,MET-CK&BETA;7
ACTBP2,0.729,[125I]CCL3 (HUMAN)
CFTR,0.597,UCCF-029
ARL2,2.1,CILOBRADINE
HLA-DQA1,1.05,INTERFERON BETA-1B
GAS2,1.01,TMP269
ADCY3,0.75,O-1602
ADCY3,1.5,"COMPOUND 3A [BADOLATO ET AL., 2019]"
GATA3,1.382,MERIMEPODIB
G6PD,1.05,SODIUM ASCORBATE
CNTFR,1.05,CARBIDOPA ANHYDROUS
CRHR2,3.751,DG-051
AMY2B,1.382,MQ1
AARS1,0.597,VU0467154
CERS6,1.01,ETANERCEPT-SZZS
CD70,0.577,CHLOROTHIAZIDE
APBA1,1.281,RO64-6198
SLC15A2,2.02,LYS[Z(NO2)]-LYS[Z(NO2)]
PCSK5,5.251,FURIN INHIBITOR PEPTIDE
AMT,1.5,SEW2871
STK10,0.761,BOSUTINIB
NOS1AP,1.01,GLIMEPIRIDE
EPHX1,2.02,PHENPROCOUMON
MET,3,ONARTUZUMAB
ABL1,0.637,NILOTINIB
UGT2B15,0.525,LORAZEPAM
ABL1,0.637,NILOTINIB
SLCO1B1,0.761,CASPOFUNGIN
FKBP5,0.921,CLOMIPRAMINE
NKAIN3,1.296,VINCRISTINE
CA9,3.751,IODINE I 124 GIRENTUXIMAB
PPAT,0.921,AZATHIOPRINE
IFNL3,2.1,ELBASVIR
ABL2,1.01,PEGYLATED RECOMBINANT HUMAN ARGINASE I BCT-100
CAPG,1.296,VINCRISTINE
INSR,0.75,INSULIN SUSP PROTAMINE ZINC PURIFIED PORK
CD19,1.281,ANTI-CD19 CAR T-CELLS XLCART001
SYK,3,FOSTAMATINIB
SLC14A2,2.25,CLOPIDOGREL
CD27,15.002,VARLILUMAB
FOS,4.201,PROTEIN KINASE A INHIBITOR
CD3G,1.05,SOLITOMAB
CYP2E1,3.751,PHENETHYL ISOCYANATE
ELF3,5.251,COMPOUND 33 [PMID: 19364658]
ANXA2,3.751,NPS(1-4)NH2
SCN1B,2.1,ZONISAMIDE
NOS1AP,1.01,DOLASETRON
GDF9,0.729,SS-208
CHEK1,1.382,RG-7602
METTL21A,1.515,ANTIDEPRESSANT AGENT
GAA,0.729,REVEGLUCOSIDASE ALFA
INSR,0.75,INSULIN ZINC SUSP EXTENDED PURIFIED BEEF
INSR,0.75,INSULIN SUSP ISOPHANE BEEF/PORK
INSR,0.75,INSULIN ZINC SUSP PURIFIED BEEF
SSTR5,0.729,OCTREOTIDE ACETATE
SSTR2,0.729,PASIREOTIDE PAMOATE
CDK15,0.547,AZD5438
CDK20,0.547,AZD5438
TRPV1,1.281,MAVATREP
SYK,1.5,R-112
RAF1,1.01,XL-281
HTR2B,0.729,VABICASERIN HYDROCHLORIDE
PTGDR2,1.382,QAV680
VEGFA,1.01,BEVACIZUMAB 111IN
RRM2,1.01,TEZACITABINE
NOD2,3.751,MIFAMURTIDE
DDB1,1.01,LENALIDOMIDE
MC1R,7.501,AFAMELANOTIDE ACETATE
SLC22A12,2.02,DOTINURAD
GRIA4,0.597,TAK-653
PTGFR,3.751,AL-12182
IL17A,1.01,TIBULIZUMAB
CSF3R,1.01,EFLAPEGRASTIM
RNF130,7.501,COSFROVIXIMAB
ACHE,2.317,HUPERZINE A
ABL1,0.637,NILOTINIB
TERT,3,CHEMBL:CHEMBL481160
F2,1.382,PEGMUSIRUDIN
MBP,7.501,TIPLIMOTIDE
PSMD14,2.02,CHEMBL:CHEMBL579028
PLIN1,0.729,THIETHYLPERAZINE MALATE
ABL1,0.637,NILOTINIB
AKT1S1,1.01,AZD8055
MET,3,ONARTUZUMAB
PARP1,0.9,NIRAPARIB
PARP1,4.201,INIPARIB
AKT3,0.547,IPATASERTIB
ACTB,1.5,ENVIRONMENTAL ESTROGEN
CCL28,3,ANTISERUM
TNF,1.129,PLACULUMAB
OPN4,0.75,NALFURAFINE HYDROCHLORIDE
CNR2,1.515,NABILONE
H2AC25,0.6,ANTISERUM
ICAM3,1.01,VITAMIN D
LIF,1.382,IL-13
POSTN,3,ANTISERUM
PXN,1.01,H2O2
GAA,0.729,AVALGLUCOSIDASE ALFA
SLC1A3,3,ANTISERUM
TNF,1.129,MITOMYCIN C ANALOG KW-2149
GDNF,2.02,LIATERMIN
HLA-B,1.036,MEASLES VACCINE
HTR2A,1.01,PRUVANSERIN
ADRB1,0.597,BUCINDOLOL HYDROCHLORIDE
UGCG,1.05,SODIUM NITROPRUSSIDE
KCNN1,1.281,THERAPEUTIC CORTICOSTEROID
SLC22A2,0.547,DALFAMPRIDINE
GATA3,0.79,GLUCARPIDASE
IFNL3,2.1,VOXILAPREVIR
NECAB1,1.5,CLOPIDOGREL
APBB1IP,3,CLOPIDOGREL
TSPEAR,1.5,CLOPIDOGREL
ANKS1B,1.01,AMISULPRIDE
BIRC5,0.597,SEPANTRONIUM BROMIDE
HTR2B,0.729,BF-1
SCN2B,2.1,ZONISAMIDE
ADRB1,0.597,DOBUTAMINE
SCN5A,0.597,DISOPYRAMIDE
SCN10A,1.036,PROPARACAINE
ATP4A,0.729,ESOMEPRAZOLE SODIUM
ADRB1,0.597,BEVANTOLOL
ADRB1,0.597,DOBUTAMINE
IL17A,1.01,REMTOLUMAB
CYP17A1,7.501,SEVITERONEL
LRRK2,1.05,GNE-0877
TERT,1.5,HLA-A*0201 RESTRICTED TERT(572Y)/TERT(572) PEPTIDES VACCINE VX-001
PDE4A,0.597,HT-0712
NPM1,3.751,NUCLEOLIN ANTAGONIST IPP-204106N
CD27,7.501,CINROMIDE
ADRB3,1.5,AMIBEGRON
F2,1.382,CHEMBL:CHEMBL1083499
ACRV1,1.382,COMPOUND 70 [PMID: 26161824]
PDE4A,0.597,TOFIMILAST
ACTBP2,0.729,CCL14
ACTB,1.5,SB328437
C4B,0.547,CARBENOXOLONE
C4BPA,0.547,CARBENOXOLONE
C2,0.547,CARBENOXOLONE
OSGIN2,0.547,CARBENOXOLONE
C8G,0.547,CARBENOXOLONE
ACTG1,1.5,CXCL122 (DIMER)
EIF4A1,1.01,TAGTOCICLIB
EIF4EP1,2.02,CCT251545
CPD,0.597,AMINOGLUTETHIMIDE
CPB2,1.5,LEVOKETOCONAZOLE
CA1,2.1,DICHLORPHENAMIDE
SLC12A1,7.501,ETHACRYNATE SODIUM
SLC6A4,0.597,PAROXETINE HYDROCHLORIDE
SCN10A,1.036,PROPARACAINE
CPB2,7.501,YXG-158
AMHR2,1.382,VERLUKAST
ABCD2,1.382,SETOGEPRAM
ALDOA,3.751,TRANS-2-METHYLCROTONIC ACID
IL17A,2.02,ANTI-IL17A MONOCLONAL ANTIBODY CJM112
SIGMAR1,2.1,CUTAMESINE
SLC26A3,0.729,COMPOUND 29 [PMID: 36356320]
NAT1,0.729,GR 113808
FRA17A,3.751,ACHE REACTIVATOR 2
CSTF3,1.382,HU7691
ACAT2,0.729,PHYLLOLITORIN
ASIC2,0.761,D-NAL-CYS-TYR-D-TRP-LYS-VAL-CYS-NAL-NH2
APOC2,2.1,TAFLUPROST ACID
ACP5,2.02,2-METHYL-3-PHENETHYL-3H-PYRIMIDIN-4-ONE
APOC2,0.525,BIMATOPROST
CCKBR,0.597,DEVAZEPIDE
ACTA1,2.02,BX 471
CTSB,1.01,(2S)-1-(1H-INDOL-3-YL)-3-{[5-(3-METHYL-1H-INDAZOL-5-YL)PYRIDIN-3-YL]OXY}PROPAN-2-AMINE
ELANE,0.761,CIRTUVIVINT
ALAS2,1.01,[125I]ASTRESSIN
ALB,0.597,UROCORTIN 1
DAPK1,3.751,BEGELOMAB
APOB,1.01,BWA868C
APOBEC1,2.1,15(S)-15-METHYL-PGD2
APOB,1.01,"L-644,698"
ASS1P5,1.382,[3H]UBP310
APOBER1,1.05,SC-19220
BDKRB2,0.547,GSK5182
ARRB1,1.281,COMPOUND 20 [PMID: 35584373]
ANXA13,0.761,ACIFRAN
GRIN2A,0.761,TCN-201
ARVD4,2.02,"(12E,20Z,18S)-8-HYDROXYVARIABILIN"
PRDM1,1.5,COMPOUND 4I [PMID: 2296036]
EPHA8,2.02,BMS-509744
AMY2B,1.382,"[125I]MCH (HUMAN, MOUSE, RAT)"
ANOP1,1.281,A-794278
NR3C2,1.382,AZD-9977
ERVT3,7.501,AX15836
AQP4,1.382,[&BETA;ALA8]NEUROKININ A-(4-10)
DPP6,1.05,PDGF RECEPTOR TYROSINE KINASE INHIBITOR III
CNC2,2.1,MS023
CTPS1,1.382,BELUMOSUDIL
SIGMAR1,2.1,NE-100
AQP1,1.382,BIM 23295
ATP2B4,5.251,PREGNENOLONE SULPHATE
PRDM1,1.5,COMPOUND 2T [PMID: 2296036]
BCL7A,3.751,TACALCITOL
FANCC,1.05,CHLORAMBUCIL
FOXC2,1.281,OXALIPLATIN
CBL,1.05,AVAPRITINIB
FBXW7,0.79,BIRABRESIB
ATP5PB,0.547,ANANDAMIDE
IDH2,0.547,LY3410738
MUC2,1.2,DECITABINE
AQP8,1.281,ONO-AE1-329
ACTBP5,7.501,VMIP-I
SLC26A3,0.729,BLU-9931
CAMKK2,0.84,PEMETREXED DISODIUM
PDCD1,1.281,CC-90006
ALAS2,1.01,CRA1000
CLN8,3.751,COMPOUND 14 [PMID: 19831390]
CRHR2,3.751,LYS006
PRIM1,7.501,CORDYCEPIN
RHOA,15.002,CLAUSINE E
EPCAM,2.1,IGN-101
AMPH,0.577,LPA
KRAS,0.547,RAS PEPTIDE CANCER VACCINE
BIRC5,0.597,COMPOUND III [PMID: 24080463]
F2RL1,0.562,CLARITHROMYCIN
CCKBR,0.597,PD-170292
GDNF,2.02,MG149
BDKRB2,0.547,NPC 17731
AMY2B,1.382,S38151
APOBER1,0.525,CICAPROST
ANOP1,1.281,FTIDC
CYP17A1,30.004,ORTERONEL
NR3C1,0.802,CHEMBL:CHEMBL1275761
SLC25A4,1.382,LY395756
PGD,0.921,PHENOBARBITAL
TNFRSF10C,10.502,TRAIL
NR3C2,1.382,DESOXYCORTICOSTERONE ACETATE
CD274,0.927,ERFONRILIMAB
ACAT2,0.729,BOMBESIN
LTF,1.01,RESERPINE
IDO1,3.751,IDO-1 INHIBITOR LY3381916
BRD4,0.79,APABETALONE
HTR2A,1.515,NELOTANSERIN
DPP4,1.05,ALOGLIPTIN BENZOATE
HTR1D,1.01,FROVATRIPTAN SUCCINATE
NTRK1,1.079,LAROTRECTINIB
CA9,3.751,CG250 111IN
GUCY1B2,1.01,VERICIGUAT
SLC6A4,0.597,BICIFADINE
MMP9,1.05,AZD-1236
F9,1.382,COAGULATION FACTOR IX RECOMBINANT IMMUNOGLOBULIN G1 FUSION PROTEIN
FRA4A,7.501,COMPOUND 16 [PMID: 31653597]
USP2,2.02,CHAULMOSULFONE
H1-2,7.501,COMPOUND 16 [PMID: 31977207]
DHRS9,15.002,CHEMBL:CHEMBL459574
SUMO1,1.382,CHEMBL:CHEMBL483838
PPARG,0.84,ECHINATIN
CUBN,3,ANTISERUM
EPHA8,2.02,PHYTOESTROGEN
ATP1B1P1,0.597,AURANOFIN
TRPM8,1.382,SCUTELLAREIN
INHA,1.5,ANTISERUM
PCBD1,1.5,ANTISERUM
PAPPA,1.5,ANTISERUM
SST,1.01,GANCICLOVIR
SREBF1,10.502,RECOMBINANT NEUROTROPHIC FACTOR
BCL2L11,0.525,IMATINIB
THBD,0.761,ALPROSTADIL
G6PD,1.05,SITAMAQUINE
FOLR3,0.84,PEMETREXED DISODIUM
MRPL47,1.296,VINCRISTINE
ECHS1,1.5,CLOPIDOGREL
ITGA2B,3.646,ABCIXIMAB
NOC3L,3,CLOPIDOGREL
ATP10A,1.5,CLOPIDOGREL
RABEP1,0.502,ARIPIPRAZOLE LAUROXIL
ABCG8,2.1,SIMVASTATIN
NTRK1,1.079,LAROTRECTINIB
IL1R1,3.141,ANAKINRA
NR3C1,0.802,CORT 108297
CD3D,0.547,FORALUMAB
EPCAM,4.201,OPORTUZUMAB MONATOX
CHRM1,0.838,OXYPHENONIUM
SCN5A,0.597,MEXILETINE
CD19,1.281,AXICABTAGENE CILOLEUCEL
DNER,0.577,BIRABRESIB
CD19,1.281,INEBILIZUMAB-CDON
INSR,0.75,METHAZOLAMIDE
EPCAM,4.201,OPORTUZUMAB MONATOX
INSR,1.5,"INSULIN, REGULAR, PORK"
PARP1,2.1,NICARAVEN
CNR2,2.02,LY2828360
IL1R1,3.141,ANAKINRA
EFNB2,1.01,CNX-774
ASIC1,1.382,B-10356
ASIC1,1.382,SSR240612
BDKRB2,0.547,MET-LYS-BRADYKININ
ACP5,2.02,TECALCET
ACTB,0.75,CCL18
ACTB,0.75,YM-355179
EIF4EP1,2.02,JH-VIII-49
ALDH3A1,0.75,N-PROPYLNORAPOMORPHINE
DSG1,1.01,DDR1/2 INHIBITOR 5N
HNMT,3.751,COMPOUND 19B [PMID: 37058391]
FZD7,2.1,VANTICTUMAB
ALDRL2,10.502,VANTICTUMAB
ARL3,7.501,EC18
GART,1.281,TUBACIN
GART,1.281,COMPOUND 16 [PMID: 20947351]
ITPR1,0.729,PIP2
ATP6V1B1,1.05,BA2+
AZGP1,0.547,PIP2
CD19,1.281,AUTOLOGOUS ANTI-CD19 CHIMERIC ANTIGEN RECEPTOR T-CELLS C-CAR011
ANCR,0.547,CORTICOTROPIN
AMYP1,3.751,"[AVA9,10,AVA14,15]-AC-HMCH6-16-NH2"
ANOP1,1.281,COMPOUND 2F [PMID: 17532216]
ANOP1,1.281,COMPOUND 23E [PMID: 17929793]
BBS1,0.547,ATX-II
AQP4,1.382,MEN10627
APBA1,1.281,AT-403
APBA1,1.281,MCOPPB
APBA1,1.281,N/OFQ-(1-13)-NH2
NUAK1,3.751,WZ4003
BCKDHB,2.02,COMPOUND 25 [PMID: 32687365]
FRA3A,10.502,FURIN INHIBITOR PEPTIDE
CLTC,7.501,[3H]N5-METHYLFOLATE
PPARG,0.84,CHEMBL:CHEMBL2057864
FRA8C,3.751,I-432
FPR3,1.05,EDOXABAN
ATP5F1BP1,1.5,SB452533
COMT,1.5,ENTACAPONE
NRG1,0.547,SERIBANTUMAB
NTRK1,1.079,LAROTRECTINIB
GAS1,2.1,SZUH280
INSR,0.75,INSULIN ZINC SUSP SEMISYNTHETIC PURIFIED HUMAN
CD19,1.281,LONCASTUXIMAB TESIRINE
ROS1,1.01,LORLATINIB
IL1R1,2.02,"ALUM, POTASSIUM"
PKM,0.729,CHEMBL:CHEMBL1093369
SLC25A4,1.382,COMPOUND 3 [PMID: 21105727]
TLR4,0.761,NELFINAVIR
AMYP1,3.751,"[PHE13,TYR19]MCH"
CTDSP1,1.382,NALOXONE METHIODIDE
CXCR4,6.301,MSX-122
MYOM2,1.5,CLOPIDOGREL
ABCC2,0.547,DEFERASIROX
MAP2K2,0.597,COBIMETINIB FUMARATE
EDNRB,3.751,BOSENTAN ANHYDROUS
GLA,2.02,ANAMORELIN
CRP,0.547,ROSUVASTATIN
CXCR4,4.201,CTCE-9908
KRTAP10-4,1.5,CLOPIDOGREL
FDPS,4.201,RISEDRONIC ACID
TSHB,0.79,DIETHYLDITHIOCARBAMATE
SCN5A,0.597,MEXILETINE
GCG,0.577,PENICILLAMINE
COCH,1.296,VINCRISTINE
CD19,1.281,INEBILIZUMAB-CDON
MYC,1.5,MITOGUAZONE
TOP1MT,0.84,TOPOTECAN HYDROCHLORIDE
ADCY3,1.5,CID1792197
PRL,0.729,TYRPHOSTIN A25
EPHX2,0.75,ALOE-EMODIN
F2,1.382,ARGATROBAN
ALDH5A1,7.501,SODIUM VALPROATE
ITGA2B,3.646,ABCIXIMAB
MTNR1A,7.501,RAMELTEON
MAP2K2,0.597,BALAMAPIMOD
RNF130,7.501,MAFTIVIMAB
PDCD1,1.281,BALSTILIMAB
NPY5R,7.501,MK-0557
GBA1,1.5,CHEMBL:CHEMBL529939
GNAS,1.5,ETOCARLIDE
APOBEC3F,0.729,CHEMBL:CHEMBL584849
ERG,0.577,PERGOLIDE MESYLATE
GRM4,7.501,CHEMBL:CHEMBL541754
FGF2,0.568,NEOVASTAT
FOSL1,5.251,ALTEPLASE
IGFBP6,3,ANTISERUM
MYC,1.5,BIZELESIN
PREP,0.761,STREPTOZOCIN
MTR,0.547,SULFASALAZINE
MIR6076,1.5,CLOPIDOGREL
SULF2,1.296,VINCRISTINE
BAHD1,1.296,VINCRISTINE
CA6,1.5,FERULIC ACID
GRM2,3.751,JNJ-40411813
PRKCA,0.547,BRYOSTATIN
MET,1.5,MET TYROSINE KINASE INHIBITOR SGX523
F8,9.266,TB-402
GSK3B,0.761,TIDEGLUSIB
SRD5A2,3.751,FINASTERIDE
PDCD1,1.281,MEDI0680
ROS1,0.547,IRUPLINALKIB
BRD4,1.382,RO-6870810
ABCC8,1.05,GLICLAZIDE
IL12A,1.05,USTEKINUMAB
ADRB3,3,RITOBEGRON
NTRK1,1.079,LAROTRECTINIB
SYK,3,LANRAPLENIB
EEF2,0.729,COMPOUND 38 [PMID: 20817473]
ACAT2,0.729,PD 176252
GLUD1P3,2.02,INDISULAM
CNR2,1.01,JWH-133
APOC1P1,0.597,CICAPROST
ANOP1,1.281,CPCCOET
ATD,3.751,RIVANICLINE
APBA1,1.281,[F/G]N/OFQ-(1-13)-NH2
ANXA1,0.597,COMPOUND 46 [PMID: 25268943]
APPL1,0.761,RELAXIN
AMT,1.5,RP-001
SIGMAR1,2.1,BLARCAMESINE
CD44,1.382,[3H]TAUROCHOLIC ACID
GTF2IP1,2.02,GSK2256294
APBA1,1.281,UFP-101
ROS1,0.547,TAFENOQUINE
RAF1,1.01,LXH254
NR1H4,0.761,THEONELLASTEROL B
NOS1AP,0.577,REPAGLINIDE
COP1,1.05,FLECAINIDE ACETATE
IL2RB,1.01,DACLIZUMAB
MUC16,7.501,BUSERELIN ACETATE
NOS2,0.568,BENZODIAZEPINE
HTR1D,1.515,ALMOTRIPTAN
TPMT,7.501,S-ADENOSYLMETHIONINE
VEGFA,1.515,VANUCIZUMAB
H2AX,1.5,SELINEXOR
LIPE,1.382,HUMAN CHORIONIC GONADOTROPIN
KRAS,0.547,CETUXIMAB
PARP1,3.15,"4-[3-(1,4-DIAZEPAN-1-YLCARBONYL)-4-FLUOROBENZYL]PHTHALAZIN-1(2H)-ONE"
NT5E,0.79,C5A
ACTA1,1.01,MLN-3897
HTR1D,1.01,NARATRIPTAN HYDROCHLORIDE
BTC,0.547,CD2+
SIGMAR1,2.1,EST64454
HLA-G,1.05,SIMVASTATIN
EMD,7.501,AZ191
EPHX2,0.75,COMPOUND 30 [PMID: 17280833]
PTGDR2,1.382,MK-1029
SLCO1A2,0.729,ESTROPIPATE
ATP4A,0.729,ILAPRAZOLE
DOCK3,7.501,TGF&BETA;3
INSR,1.5,INSULIN DETEMIR
APOC1P1,0.597,ENPROSTIL
PSMC2,0.729,CARFILZOMIB
ANOP1,1.281,COMPOUND 27 [PMID: 20346665]
APOC2,0.525,ENPROSTIL
ACP5,1.01,AXT914
INSR,0.75,INSULIN PURIFIED BEEF
PTGFR,3.751,CARBOPROST TROMETHAMINE
SLC6A2,0.736,GUANADREL SULFATE
HMGCR,0.729,ROSUVASTATIN
PSMC2,0.729,CARFILZOMIB
IL17A,2.02,SECUKINUMAB
SYK,3,MIVAVOTINIB CITRATE
SYK,0.75,R-333
CNR2,2.02,GW842166
RAD54L,0.525,CHEMBL:CHEMBL600841
GRIA4,0.597,ZONAMPANEL
TNF,1.129,OZORALIZUMAB
CD3D,0.547,FORALUMAB
KRAS,0.547,GLECAPREVIR
CSF1,3.751,MCS-110
PTPN1,4.201,LIPIDYL PSEUDOPTERANE A
SYK,3,FOSTAMATINIB DISODIUM
BRD2,0.577,APABETALONE
CSF3R,2.02,PEGTEOGRASTIM
VEGFA,2.02,ABICIPAR PEGOL
VEGFA,1.01,PEGAPTANIB OCTASODIUM
CD3G,0.525,MOSUNETUZUMAB
NR0B1,1.05,CHEMBL:CHEMBL260451
GNAS,0.75,CHEMBL:CHEMBL585408
PPARG,0.84,SHINPTEROCARPIN
PPARG,0.84,CHEMBL:CHEMBL1834951
SLC22A8,7.501,OXACILLIN
PIM1,1.5,CHEMBL:CHEMBL500812
TERT,3,CHEMBL:CHEMBL144757
CBFB,0.547,CYTARABINE HYDROCHLORIDE
NQO1,2.02,CHEMBL:CHEMBL1288281
NR1H4,0.761,CONICASTEROL E
CASP1,2.02,BERKELEYAMIDE C
SLCO1B1,0.761,ELAGOLIX
NOTCH2,1.5,RO4929097
CCND2,0.84,DECITABINE
CCR2,0.761,OPIATE
FOS,2.1,RECOMBINANT INTERLEUKIN-1-BETA
G6PD,1.05,CO-TRIMOXAZOLE
CXCL8,1.296,KLEBSIELLA PNEUMONIAE GLYCOPROTEIN
MAGEA1,6.301,DECITABINE
MAGEA1,6.301,DECITABINE
MT2A,1.01,ACETAMINOPHEN
GOLGA1,3.751,DNA-PK INHIBITOR V
S100A2,1.5,ANTISERUM
SLC28A2,2.1,THYMIDINE
TERT,0.6,OMACETAXINE MEPESUCCINATE
TNF,1.129,IMMUNOSTIMULANT
ZDHHC3,1.5,CLOPIDOGREL
DMD,15.002,ETEPLIRSEN
SCAP,1.05,SIMVASTATIN
PRDM16,1.05,SIMVASTATIN
HMGCR,0.729,ROSUVASTATIN
FOXA3,0.729,ROSUVASTATIN
NPIPB8,1.01,ACETAMINOPHEN
IFNL3,2.1,SOFOSBUVIR / VELPATASVIR / VOXILAPREVIR
PIGF,21.003,AFLIBERCEPT
IL12B,3.751,BRIAKINUMAB
GRIN3B,0.577,CNS-5161
SCN3B,2.1,ZONISAMIDE
F2,1.382,EP-217609
ITGB1,0.729,INTEGRIN RECEPTOR ANTAGONIST GLPG0187
INSR,1.5,INSULIN GLARGINE-YFGN
PTPN1,2.1,ISIS 113715
PTPN11,7.501,STIBOGLUCONATE
CA2,1.515,BRINZOLAMIDE
PTGER1,3.751,CARBOPROST TROMETHAMINE
CALM1,0.729,BEPRIDIL
CA2,1.515,BRINZOLAMIDE
CA1,1.05,METHAZOLAMIDE
SLC12A1,3.751,METHYCLOTHIAZIDE
ADRA1A,0.547,PHENYLPROPANOLAMINE
TXNRD1,1.01,ARSENIC TRIOXIDE
CSF3R,1.01,BLZ-945
VEGFA,1.515,VANUCIZUMAB
SYK,0.75,ENTOSPLETINIB
FFAR1,3.751,FASIGLIFAM
SLC10A2,2.02,TAUROCHOLIC ACID
CHEK1,1.382,XL844
PTGDR2,2.073,VIDUPIPRANT
CD3G,1.05,ANTI-GPA33/CD3 MONOCLONAL ANTIBODY MGD007
CTSO,1.5,BX-912
ACAT2,0.729,"D-NAL,CYS,TYR,D-TRP,ORN,VAL,CYS,NAL-NH2"
ACAT2,0.729,[125I][TYR4]BOMBESIN
ACAT2,0.729,NEUROMEDIN B
ACAT2,0.729,"[D-TPI6, LEU13 &PSI;(CH2NH)-LEU14]BOMBESIN-(6-14)"
ACP5,1.01,EVOCALCET
CNR2,1.01,CANNABINOR
ACTB,1.5,RO320-2947/001
ALB,0.597,UROTENSIN 1 (FISH)
ACTG1,0.75,BALIXAFORTIDE
COX11,3.751,OZAGREL
APOB,1.01,RS 93520
APOB,1.01,BW 245C
APOBER1,0.525,ENPROSTIL
APOC1P1,0.597,BERAPROST
APOBER1,2.1,SC-51089
ASS1P5,1.382,"2,4-EPI-NEODYSIHERBAINE"
ENSA,3.751,CHIR-98014
ARVD3,1.382,CYANOTRIPHENYLBORATE
ARL3,1.5,CILOBRADINE
NCAN,10.502,LITHIUM CARBONATE
FRA11F,7.501,VALATEGRAST
POLR3D,2.1,L-TRP-TRP-TRP
SLC6A4,0.597,DAPOXETINE
ANK1,0.547,CORTICOTROPIN
MMP9,1.05,INCYCLINIDE
AQP4,1.382,GR 159897
AQP3,0.547,SERLOPITANT
AQP4,1.382,"[125I]NKA (HUMAN, MOUSE, RAT)"
ANXA1,0.597,EFWSLAAPQRF-NH2
GM2A,0.547,SINTILIMAB
FRA3D,5.251,FURIN INHIBITOR PEPTIDE
BCHEL3,0.547,TAMIBAROTENE
SLC38A2,10.502,ALANINE
AQP1,1.382,J-2156
APOC4,1.382,DALTROBAN
FKBP1A,0.729,PP1
ADCY9,2.1,CCL5
ASS1P5,1.382,IODO-WILLARDIINE
EIF4EP1,1.01,CORTISTATIN A
APOBEC1,1.05,"L-888,607"
S1PR2,1.5,FINGOLIMOD HYDROCHLORIDE
NR1H4,0.761,TROPIFEXOR
MT-RNR1,15.002,DIHYDROSTREPTOMYCIN
SLC15A2,2.02,LYS[Z(NO2)]-PRO
GRM2,3.751,LY2979165
ATP5ME,3.751,GI鈥?30159
CXCL8,1.296,FOSCARNET
KCNK2,15.002,CHEMBL:CHEMBL73820
KEAP1,2.1,CPUY192018
ADRA1A,0.547,SILODOSIN
PTGIR,3.751,EPOPROSTENOL SODIUM
APOC1P1,0.597,AH6809
ACTB,1.5,RO330-0802/001
TNFRSF11B,1.5,TRAIL
F2,1.382,EP-217609
TRPV1,1.281,SAF312
RPE65,15.002,VORETIGENE NEPARVOVEC
CA2,1.515,BRINZOLAMIDE
INSR,1.5,INSULIN DETEMIR
INSR,0.75,INSULIN SUSP ISOPHANE PURIFIED BEEF
SRMS,0.547,XL-228
MET,0.75,BMS-777607
PTGDR2,2.073,VIDUPIPRANT
ADRB3,1.5,RITOBEGRON
INSR,0.75,INSULIN PEGLISPRO
ATP4A,0.729,ESOMEPRAZOLE MAGNESIUM
RNF130,7.501,ANSUVIMAB-ZYKL
EPHX2,1.5,GSK2256294
PDCD1,1.281,TISLELIZUMAB
F9,1.382,FIDANACOGENE ELAPARVOVEC
AKT3,0.547,AFURESERTIB HYDROCHLORIDE
MET,1.5,CAPMATINIB
DHRS9,15.002,CHEMBL:CHEMBL517425
TERT,3,CHEMBL:CHEMBL2336666
IDO1,7.501,CHEMBL:CHEMBL1668301
MMP3,3.751,BERKELEYTRIONE
GBA1,0.75,CASTANOSPERMINE
MET,1.5,CAPMATINIB
NR1H2,2.02,CS-8080
DOCK10,21.003,BINETRAKIN
NR3C2,1.382,PF-03882845
GNRH1,0.79,DIETHYLDITHIOCARBAMATE
SLC2A1,1.05,THYMIDINE
EPCAM,1.05,"ALUM, POTASSIUM"
KRAS,0.547,CETUXIMAB
CYP2A6,7.293,LETROZOLE
AGAP3,1.5,CLOPIDOGREL
HLA-B,2.512,ABACAVIR
CES1,0.761,APIXABAN
HLA-DPB1,1.382,AMOXICILLIN ANHYDROUS
CES1P1,1.5,CLOPIDOGREL
G6PD,2.1,PEGLOTICASE
CYP27B1,1.01,DEFERASIROX
TXNRD1,1.01,ARSENIC TRIOXIDE
PDE4A,0.597,MEM 1414
SLC12A1,3.751,METHYCLOTHIAZIDE
IL17A,2.02,VUNAKIZUMAB
VEGFA,2.02,ABICIPAR PEGOL
CA1,1.05,METHAZOLAMIDE
DIO1,5.251,PROPYLTHIOURACIL
GLA,2.02,MALTOSE
PTGFR,3.751,TAFLUPROST
IL12B,3.751,BRIAKINUMAB
HTR4,1.923,CISAPRIDE
HTR2A,1.01,TEMANOGREL
FFAR1,3.751,FASIGLIFAM
CXCR4,6.301,BURIXAFOR
AMFR,3.751,[3H]CGS23131
ASIC1,1.382,"[LEU9,DES-ARG10]KALLIDIN"
ACRV1,1.382,AM6545
ACTA1,1.01,CCL18
CD8B2,1.382,SOLRIAMFETOL
NQO1,2.02,VATIQUINONE
APOC2,1.05,"L-888,607"
ALDOB,10.502,VANTICTUMAB
ITGB2,0.729,LIFITEGRAST
ALDOC,10.502,VANTICTUMAB
ASS1P6,3.751,"2,4-EPI-NEODYSIHERBAINE"
CSF2RA,0.729,GM-CSF
ARL1,2.1,CILOBRADINE
PRDM1,1.5,COMPOUND 2D [PMID: 2153213]
PRDM1,1.5,"COMPOUND 3 [DREYER ET AL., 1991]"
ADCY3,1.5,MSMB (91-114)
ASIP,1.05,BA2+
KCNJ5,0.729,PIP2
CTSV,0.577,PF-3758309
EPHX2,0.75,WH-4-023
ERVT4,1.5,COMPOUND 33 [PMID: 19364658]
ANOP1,1.281,VU0469650
AQP4,1.382,ZM 253270
AQP4,1.382,ZM-274773
SLC15A2,2.02,[14C]GLYSAR
BCKDHB,2.02,L-796449
GNAI2,1.382,ME0328
TEX28,1.5,GSK-1838705A
AMT,1.5,BMS-986104 DERIVATIVE 24
FOXG1,10.502,COMPOUND R-16 [PMID: 21967808]
ATP5F1BP1,1.5,A-1165442
ATP5F1BP1,1.5,JNJ17203212
ERCC1,0.547,PLATINUM COMPOUND
GNAS,1.5,TETRAETHYLAMMONIUM CHLORIDE
TG,1.129,HEXAMETHYLENEBISACETAMIDE
ACTBP2,0.729,MLN-3897
MC1R,7.501,DERSIMELAGON
AMPD3,0.761,CPX
DPP4,1.05,EVOGLIPTIN
SLC38A1,10.502,ALANINE
CHEK1,2.073,RABUSERTIB
CXCR4,2.1,BALIXAFORTIDE
SLCO2B1,0.525,ELTROMBOPAG
FOXL2,0.729,VANILLIN
GBA1,1.5,CIRSIMARITIN
ASIC1,1.382,COMPOUND 12 [PMID: 12723943]
IDO1,7.501,CHEMBL:CHEMBL1933308
KRAS,0.547,SOTORASIB
DHRS9,15.002,CHEMBL:CHEMBL514876
TBXA2R,3.751,IFETROBAN SODIUM
SULT1A4,1.515,ACETAMINOPHEN
EIF4EP1,1.01,COMPOUND 1 [PMID: 24793884]
F2,1.382,ICHORCUMAB
CCKBR,0.597,GW-5823
CXCR4,2.1,BALIXAFORTIDE
KEAP1,2.1,DIMETHYL FUMARATE
AMT,1.5,CYM5442
PDYN,2.25,ANTISERUM
CST4,3,ANTISERUM
PON1,2.1,SIMVASTATIN
ATHS,3.751,[3H]METHYLLYCACONITINE
TSC2,2.25,EVEROLIMUS
SLC10A1,0.729,ROSUVASTATIN
EDNRA,0.761,FR139317
TYMS,0.838,DOXIFLURIDINE
MERTK,2.1,NINGETINIB
NR3C2,1.382,DROSPIRENONE
PSMB2,0.547,CARFILZOMIB
CA14,0.547,SULTHIAME
RAF1,1.01,ARQ-736
CDK17,0.547,AZD5438
CDK14,0.547,AZD5438
MAP2K2,0.597,AZD-8330
ESR1,0.736,BRILANESTRANT
CD3G,0.525,TALQUETAMAB
PPARG,0.84,MBX-2044
CNR2,1.01,LY2828360
NGF,15.002,FASINUMAB
CD19,1.281,AMG-729
NOTCH2,15.002,TAREXTUMAB
PARP1,2.1,NIRAPARIB TOSYLATE
NR1H2,2.02,ABEQUOLIXRON
KEAP1,2.1,DIROXIMEL FUMARATE
CD19,1.281,BREXUCABTAGENE AUTOLEUCEL
SERPINC1,0.729,NADROPARIN CALCIUM
FAAH,2.1,URB597
SLCO2B1,4.201,SILICRISTIN A
PTPN1,4.201,FLUORESCEIN DIPHOSPHATE
APOBEC3F,0.729,CHEMBL:CHEMBL1287981
CXCR4,4.201,CHEMBL:CHEMBL2347630
GAA,0.729,TERAZOSIN HYDROCHLORIDE HYDRATE
GRM4,7.501,CHEMBL:CHEMBL571453
PDK1,3.751,CHEMBL:CHEMBL257158
RAD54L,1.05,CHEMBL:CHEMBL592842
IFNL3,1.05,PARITAPREVIR
CD274,0.562,DURVALUMAB
ACP5,1.01,M-CSF
CSPG4,1.05,ALTEPLASE
F2R,0.841,THROMBIN
IL17F,3.751,"ALUM, POTASSIUM"
NCF1,5.251,HYDROGEN PEROXIDE
NR6A1,4.501,ANTISERUM
PTGER1,1.5,BINETRAKIN
SLAMF6,21.003,BINETRAKIN
TDO2,1.05,HYDROGEN PEROXIDE
TYMS,0.838,DOXIFLURIDINE
TSHB,0.502,ORAL CONTRACEPTIVE
UCP1,0.761,STREPTOZOCIN
B4GALT2,3,CLOPIDOGREL
ANKK1,7.501,NEMONAPRIDE
GGH,2.1,PEMETREXED DISODIUM
UGT1A,5.251,BILIRUBIN
N6AMT1,4.501,CLOPIDOGREL
HLA-DQB1,0.921,AMOXICILLIN ANHYDROUS
CD274,0.562,DURVALUMAB
WDR24,1.5,CLOPIDOGREL
PLG,3.751,DESMOTEPLASE
SCN4B,2.1,ZONISAMIDE
NOTCH2,15.002,TAREXTUMAB
PTPN1,2.1,TRODUSQUEMINE
CASP1,2.02,VX-765
SLC6A2,0.736,PHENMETRAZINE
OXT,1.01,ARGIPRESSIN
SCNN1B,1.823,TRIAMTERENE
CSF3R,1.01,ANTI-C-FMS MONOCLONAL ANTIBODY AMG 820
OPN4,0.75,OXYCODEGOL
FFAR1,7.501,LY-2881835
F2,1.382,DESIRUDIN
SLC6A2,0.736,PHENMETRAZINE
CA2,2.02,ETHINAMATE
F2,1.382,ODIPARCIL
CEL,3.751,TAUROCHOLIC ACID
MUC16,3.751,SOFITUZUMAB VEDOTIN
CETP,2.02,DRL-17822
ADRA1A,0.547,BESIPIRDINE
IL17A,1.01,COVA322
AGTRL2,5.251,BECLOMETHASONE DIPROPIONATE
AXL,0.547,CANLITINIB
ABR,1.01,RACTOPAMINE
AMFR,3.751,RO5101576
ACP5,2.02,COMPOUND 18C [PMID:19143533]
ACRV1,1.382,ORG27569
CNR2,1.01,"L-759,656"
CCKBR,0.597,A-71378
CCKBR,0.597,"[125I]DTYR-GLY-[(NLE28,31)CCK-26-33"
ACTBP5,7.501,VMCC-I
ACTBP2,0.729,GSK2239633A
BUB1,0.547,CD2+
ALAS2,2.02,"[125I]TYR0-CRF (HUMAN, RAT, MOUSE)"
ACTG1,1.5,CXCL12&EPSILON;
ACTG1,1.5,[125I]CXCL12&BETA; (HUMAN)
COX11,7.501,CAMONAGREL
COX11,7.501,COMPOUND 10A [PMID: 1447738]
APOBEC1,1.05,"L-888,291"
APOB,1.01,SQ-27986
APOBEC1,0.525,VIDUPIPRANT
ATN1,1.01,DDR1/2 INHIBITOR 5N
APOBER1,0.525,AH6809
APOBER1,1.05,ONO-8711
BDKRB2,0.547,DY131
H2AX,3.751,ELTANEXOR
ALPI,2.1,HUMAN GIP(3-30)NH2
ALOX15B,0.761,JI-38
ENSA,3.751,AZD1080
ARL3,7.501,MEL57A
ADH5,7.501,NOX-6-7
FRA11F,7.501,CAROTEGRAST METHYL
EPHA5,2.1,COMPOUND R-16 [PMID: 21967808]
AMY2B,1.382,COMPOUND 2 [PMID: 11375253]
CTNNA1,2.02,"5-(2-PHENYLPYRAZOLO[1,5-A]PYRIDIN-3-YL)-1H-PYRAZOLO[3,4-C]PYRIDAZIN-3-AMINE"
ATF3,7.501,&ALPHA;-CONOTOXIN PIA
APBA1,1.281,N/OFQ-NH2
APBA1,1.281,PEPTIDE III-BTD
EXT3,1.05,IPA-3
SLC38A4,5.251,ALANINE
APOC4,1.382,ONO-3708
CD274,0.562,DURVALUMAB
ROS1,0.729,BATOPROTAFIB
COMT,1.5,ENTACAPONE
TTN,5.251,PROTEASE INHIBITOR
STIM1,1.296,VINCRISTINE
DDX10,2.1,APRATASTAT
ASGR1,3.751,VUPANORSEN
HKDC1,1.01,CHEMBL:CHEMBL1503190
AMHR2,1.382,COMPOUND 15B [PMID: 31811124]
ACTA1,1.01,[125I]CCL3 (HUMAN)
PRL,0.729,"SN-1,2-DIDECANOYLGLYCEROL"
PSMB2,0.547,CARFILZOMIB
SLC12A1,3.751,HYDROFLUMETHIAZIDE
CUL4A,1.01,LENALIDOMIDE
PDE3A,0.597,NM-702
KRAS,0.547,CET KRAS ANTISENSE OLIGONUCLEOTIDE AZD4785
CDH1,0.75,ANTISERUM
PBRM1,1.382,FAVIPIRAVIR
GNAI2,1.382,AZD9574
MMP3,3.751,BERKELEYAMIDE C
ASIC1,1.382,T-KININ
CXCR4,6.301,BURIXAFOR
FRA4A,3.751,EVOLOCUMAB
SLC18A2,2.1,TETRABENAZINE
SHROOM2,1.05,[125I]TYR7-SST3-ODN-8
APOA5,0.63,SIMVASTATIN
CDK5R1,1.5,CHEMBL:CHEMBL1406948
TSPO,1.382,EMAPUNIL
TRPV1,1.281,GRC-15300
SLC12A1,3.751,HYDROFLUMETHIAZIDE
ADGRB1,5.251,BA2+
ASAH1,1.05,PREGNENOLONE SULPHATE
NGF,22.503,TANEZUMAB
PSMB2,0.547,CARFILZOMIB
APOC4,1.382,SQ-29548
SYNE2,1.296,VINCRISTINE
CNR2,2.02,TEDALINAB
MAPK14,0.761,TALMAPIMOD
F2,2.073,XIMELAGATRAN
KRAS,0.547,CILUPREVIR
CCR2,0.761,BMS-741672
PDE3B,0.729,ENOXIMONE
NQO1,0.577,SULFORAPHANE
GRM4,3.751,CHEMBL:CHEMBL572346
NQO1,2.02,CHEMBL:CHEMBL1287867
PTPN1,4.201,LICOAGRONE
FFAR1,3.751,TUG-424
PIM1,3,CHEMBL:CHEMBL478141
RAD54L,1.05,CHLOROQUINE-PYROLIDINYL
HDAC4,0.761,SPIRUCHOSTATIN C
NR3C1,0.802,CHEMBL:CHEMBL259820
RACGAP1,0.75,XAMOTEROL FUMARATE
PPARG,0.84,GLABRONE
PIM1,3,CHEMBL:CHEMBL478323
RAD54L,1.05,CHEMBL:CHEMBL592838
ROS1,1.01,LORLATINIB
CDKN2D,1.05,DECITABINE
ITGA2B,0.547,THROMBIN
MT1H,3,6-AMINONICOTINAMIDE
NPTN,1.5,ANTISERUM
PRL,0.729,ALPHA-ADRENERGIC ANTAGONIST
RAMP3,0.761,STREPTOZOCIN
BACE1,1.01,CHEMBL:CHEMBL1412710
NQO1,2.02,CHEMBL:CHEMBL1288253
EPCAM,4.201,ALVAC VACCINE
YY1,3,ANTISERUM
LEPR,0.525,SIMVASTATIN
JMJD8,1.5,CLOPIDOGREL
DHFR,0.525,PEMETREXED DISODIUM
MTHFD1,1.05,PEMETREXED DISODIUM
UGT1A1,1.05,BILIRUBIN
IL23R,0.921,AZATHIOPRINE
DPP4,1.05,SAXAGLIPTIN ANHYDROUS
F2,2.073,XIMELAGATRAN
KCNE1,3,INDAPAMIDE
RASGRP3,10.502,CHEMBL:CHEMBL27768
BRD4,1.382,BIVALENT BRD4 INHIBITOR AZD5153
PARP1,1.05,2X-121
CD3G,1.05,TEPLIZUMAB
CHUK,7.501,"2,6-DIDEHYDROPEPEROMIN B"
CPB2,7.501,TAFIA INHIBITOR DS-1040B
INSR,0.75,INSULIN SENSITIZER S-707106
AOC3,1.01,CLONIDINE HYDROCHLORIDE
PDE5A,0.547,EXISULIND
EPCAM,6.301,ING-1
CCKBR,0.597,CERULETIDE
HLA-B,1.382,VELIMOGENE ALIPLASMID
TGFB2,3.751,GEMOGENOVATUCEL-T
TLR2,7.501,TOMARALIMAB
PDCD1,1.281,ANTI-PD-1 MONOCLONAL ANTIBODY SYM021
ROS1,1.01,LORLATINIB
GALK1,0.547,TRICETIN
ASIC2,0.761,BANTAG-1
ASIC1,1.382,B-9858
ALAS2,2.02,"CP-316,311"
ALAS2,1.01,UROCORTIN 1
DHFR,0.525,PEMETREXED DISODIUM
EML1,3.751,COMPOUND 2-2C [PMID: 32003560]
AKR1B1P2,5.251,VANTICTUMAB
MSTN,0.547,TMP269
ADCY3,1.5,GSK494581A
AMPD3,0.761,CPY
BCL3,1.01,DESMOSTEROL
AMY2B,1.382,"[3H]MCH (HUMAN, MOUSE, RAT)"
AMY2B,1.382,"4-ARYLPHTHALAZIN-1(2H)-3,4-DI-F"
AMY2B,1.382,"[125I][PHE13,TYR19]MCH"
AMY2B,1.382,[125I]S36057
ANOP1,1.281,COMPOUND 23I [PMID: 17929793]
BAK1,0.729,ATX-II
SLC15A2,2.02,[11C]GLYSAR
SLC15A2,2.02,"(3,5)-[19F]2-PHE-&PSI;-ALA"
BCKDHB,2.02,GSK0660
FRA4A,7.501,MK-0616
TEX28,1.5,COMPOUND 33 [PMID: 19364658]
STK4,7.501,IHMT-MST1-58
AQP1,1.382,"H-C[CYS-PHE-LAGL(N&BETA;ME,BENZOYL)-TRP-LYS-THR-PHE-CYS]-OH"
ATP5F1BP1,0.75,AZD1386
ATP5F1BP1,1.5,SB705498
KRAS,0.547,SOTORASIB
DPP4,1.05,TRELAGLIPTIN SUCCINATE
NAE1,10.502,PEVONEDISTAT
UBA3,21.003,PEVONEDISTAT
IDO1,3.751,EPACADOSTAT
EPCAM,4.201,OPORTUZUMAB MONATOX
CEACAM5,0.761,ARCITUMOMAB
MTNR1A,3.751,PIROMELATINE
ADORA1,0.729,CHEMBL:CHEMBL59532
FDPS,4.201,RISEDRONIC ACID
RAD52,0.597,"5-(N,N-DIMETHYL)AMILORIDE HYDROCHLORIDE"
KDM4C,0.547,COMPOUND 6A [PMID: 18942826]
ADRB1,0.597,BUNITROLOL
CASP1,2.02,BERKELEYTRIONE
CTDSP1,1.382,CHEMBL:CHEMBL527307
DMD,15.002,GOLODIRSEN
IL12A,1.05,USTEKINUMAB
MLST8,1.01,AZD8055
NOTCH3,2.1,RO4929097
BCL2,1.281,BEAUVERICIN
CDA,3.751,DEOXYCYTIDINE
CP,1.296,ISOFLAVONE
CR2,1.05,DECITABINE
SLC22A11,1.296,ZIDOVUDINE
NBEA,1.01,ANTIDEPRESSANT AGENT
KLC3,3.751,PLATINUM
PRKAB1,1.01,METFORMIN
PTGFR,15.002,LATANOPROST
BCL6,0.921,POLATUZUMAB VEDOTIN
HTR1B,0.662,RIZATRIPTAN BENZOATE
EDNRB,3.751,BOSENTAN ANHYDROUS
FDPS,4.201,RISEDRONIC ACID
TH,1.5,SAPROPTERIN
ADRA1A,0.547,ALFUZOSIN HYDROCHLORIDE
SYK,1.5,CEVIDOPLENIB DIMESYLATE
TERT,3,IMETELSTAT
MMP9,4.201,ANDECALIXIMAB
CXCR4,2.1,CTCE-0214
GTF2E1,2.1,DEFERIPRONE
TLR9,4.633,LEFITOLIMOD
RBMXP1,1.05,RALOXIFENE HYDROCHLORIDE
ALAS2,1.01,SSR125543A
ALAS2,1.01,UROTENSIN 1 (FISH)
ALB,0.597,[125I]ASTRESSIN
HOXD1,5.251,OLEANOLIC ACID
DMTN,3.751,PHA-408
GGTL2,2.1,GSK-J1
ERVT1,0.761,BOSUTINIB
F2R,2.02,COMPOUND 22 [WO2019141694A1]
F9,1.382,CX-5011
DYRK2,5.251,HARMINE
MMP3,3.751,BERKELEYAMIDE B
CXCR4,4.201,CHEMBL:CHEMBL2347631
HSP90AB1,0.761,RETASPIMYCIN
NOTCH3,2.1,ENOTICUMAB
ADIPOQ,1.01,FENOFIBRATE MICRONIZED
CCL11,0.729,TNF-ALPHA
CCNA2,0.547,TNF-ALPHA
EREG,0.921,HUMAN CHORIONIC GONADOTROPIN
HPSE,0.729,HEPARAN SULFATE
HSPB2,0.577,ANTINEOPLASTIC AGENT
CXCL8,1.296,PROTECTIVE AGENT
MYC,1.5,ORNITHINE DECARBOXYLASE INHIBITOR
MYC,1.5,RECOMBINANT MACROPHAGE COLONY-STIMULATING FACTOR
PRLR,0.921,THERAPEUTIC ANDROSTANOLONE
VAMP2,0.761,TETRADECANOYLPHORBOL ACETATE
VAV1,0.761,TETRADECANOYLPHORBOL ACETATE
MKI67,1.382,ABEMACICLIB
ZNF423,1.05,RALOXIFENE HYDROCHLORIDE
ACTB,1.5,[3H]BANYU (I)
GPR35,1.01,"2,4-DINITROPHENOL"
MPPED2,2.1,DECAVANADATE
NGF,15.002,MEDI-578
NRG1,0.547,PROTON PUMP INHIBITOR
CD79B,1.382,POLATUZUMAB VEDOTIN
TRPV1,1.281,SYL-1001
CA2,1.01,SULFAMIDE
TYMP,0.547,SULFASALAZINE
CTF1,7.501,KB-NB142-70
ABCC9,0.597,TOLBUTAMIDE
PIM1,1.5,SEL-24
TLR2,3.751,DIAPEP 277
FRA17A,3.751,ECOTHIOPATE
PARP1,0.9,NIRAPARIB
KEAP1,2.1,NRF2 PEPTIDE [PMID: 23647822]
ATP6AP1,1.05,SUVECALTAMIDE
ANOP1,1.281,MK-5435
AKT3,0.547,IPATASERTIB
AQP3,0.547,VESTIPITANT
MET,3,ONARTUZUMAB
F2,1.382,DABIGATRAN ETEXILATE MESYLATE
DPP4,0.63,SITAGLIPTIN
IL11RA,10.502,INTERLEUKIN-11
GRM2,3.751,LY404039
GRM2,3.751,LY2979165
AKT3,0.547,IPATASERTIB
GRIA4,0.597,FARAMPATOR
CSF3R,2.02,BALUGRASTIM
IL1R1,2.02,AMG-108
KRAS,0.547,VEDROPREVIR
GRM2,7.501,JNJ-40411813
ADRB1,0.597,BUCINDOLOL HYDROCHLORIDE
NR3C2,1.382,BALCINRENONE
RAD52,0.597,CHEMBL:CHEMBL582471
PTPN1,4.201,GLISOFLAVONE
CHEK1,2.073,RABUSERTIB
CASP1,2.02,BERKELEYDIONE
HSPB1,0.729,HYDRASTININE HYDROCHLORIDE
FFAR1,7.501,CHEMBL:CHEMBL6931
PSEN1,2.02,CHEMBL:CHEMBL392068
PPARG,0.84,CHEMBL:CHEMBL2208196
RAD54L,1.05,CHEMBL:CHEMBL602400
CTSC,3.751,CALCIUM GLUCONATE
IL2,0.547,PHYTOCHEMICAL
SYP,0.761,PAREGORIC
EPCAM,4.201,HEAVY MINERAL OIL
PNPLA3,0.729,ASPARAGINASE
DVL2,1.382,AFATINIB
GNA13,1.281,OXALIPLATIN
IFNL3,2.1,SOFOSBUVIR/VELPATASVIR
NOS1AP,0.577,SOTALOL
MET,3,ONARTUZUMAB
ALOX5AP,7.501,DG031
IL17C,10.502,VIDOFLUDIMUS
ADRA1A,0.547,MEPHENTERMINE
CSF3R,2.02,GLYCOPEG-GCSF
SCN5A,0.597,TOCAINIDE
GNRHR2,0.729,DANAZOL
SCN10A,1.036,PROPARACAINE
EPCAM,6.301,ING-1
MCHR1,7.501,BMS-830216
MAPK14,0.761,TALMAPIMOD
INSR,1.5,METFORMIN GLYCINATE
NTRK1,2.158,TAVILERMIDE
GRM2,3.751,DECOGLURANT
TERT,0.75,DENDRITIC CELL VACCINE
RXFP1,3.751,SERELAXIN
BACE1,1.01,AZ-4217
CD19,1.281,ALLOGENEIC ANTI-CD19-CAR-CD28-IL-15-EXPRESSING NATURAL KILLER T-CELLS
DPP4,1.05,SAXAGLIPTIN ANHYDROUS
DHFR,0.525,PEMETREXED DISODIUM
PPAT,0.921,AZATHIOPRINE
TNF,2.258,GOLIMUMAB
CDK7,2.1,SNS-032
PDCD1,1.281,RETIFANLIMAB
EEF1D,0.729,COMPOUND 10 [PMID: 19402633]
AMFR,3.751,20-HYDROXY-LTB4
EFNB2,1.01,EXAMPLE A225 [WO2012170976A2]
EFNB2,1.01,CHMFL-BTK-11
ASIC1,1.382,"[DES-PHE9,DES-ARG10]KALLIDIN"
ASIC1,1.382,NVP-SAA164
ASIC1,1.382,"[D-LYS1,DES-ARG10]KALLIDIN"
ASIC1,1.382,[DES-ARG10]ICATIBANT
POLA1,1.036,CLOFARABINE
ACTBP2,0.729,FLU-CCL3
COX5B,1.01,AJMALICINE
ASS1P6,3.751,CONCANAVALIN A
SLC18A2,2.1,TETRABENAZINE
AMD1P2,1.382,ARPROMIDINE
PRDM1,1.5,"COMPOUND 2 [DREYER ET AL., 1991]"
CNTFR,2.1,3-HYDROXYBENZYLHYDRAZINE
BCL3,2.02,ACETYL-PODOCARPIC DIMER
AMPH,1.01,2-OLEOYL-LPA
AMYP1,3.751,AC-HMCH-(6-16)-NH2
ANOP1,1.281,CFMMC
ANOP1,1.281,[11C]MMTP
ANOP1,1.281,[3H]R214127
SLC25A4,1.382,"(2R,3R)-APDC"
IL17A,1.01,ABBV-257
SLCO1B3,2.1,"[3H]CCK-8 (HUMAN, MOUSE, RAT)"
BIRC5,0.597,PTHRP-(1-34) (HUMAN)
AMT,1.5,BMS-986104 DERIVATIVE 12
AMT,1.5,ST-2191
TEC,1.01,JNJ-64264681
TLR2,3.751,TOMARALIMAB
DMP1,7.501,COMPOUND 15 [PMID: 35450354]
TLR2,3.751,DIPROVOCIM-1
FRA8C,3.751,N-0385
ATP1B1P1,0.597,POLYGODIAL
ATP5F1BP1,0.75,AMG517
ATP5F1BP1,1.5,[3H]A778317
ATP5F1BP1,0.75,A425619
SLC26A2,3.751,COMPOUND 21 [PMID: 23312943]
KEAP1,1.05,TELAGLENASTAT
SCN5A,0.597,TOCAINIDE
PDE4A,0.597,MK-0873
G6PD,0.525,ARTICAINE
RYR1,3.751,CALCIUM
UGT2B7,1.01,FLURBIPROFEN
BAD,0.547,NS1643
PPIA,3.751,PROLINE
GRM4,7.501,CHEMBL:CHEMBL549330
GBA1,3,VELAGLUCERASE ALFA
FRA11F,7.501,ZAURATEGRAST
GUCY1B2,1.01,CINACIGUAT
AQP8,1.281,ER819762
DCK,0.761,DIDEOXYADENOSINE
UBE2N,2.1,ASN06356088
ATP2A2,0.761,BTP2
APOBER1,1.05,SC-51322
CXCR4,6.301,BURIXAFOR
PDCD1,1.281,SINTILIMAB
PTGER1,3.751,ECRAPROST
APBA1,1.281,AC-RYYRWK-NH2
F2,1.382,DESIRUDIN
PTGIR,3.751,ESUBERAPROST
ADRA1A,0.547,NICERGOLINE
SLC25A4,1.382,COMPOUND 2 [PMID: 21105727]
NR3C1,0.802,METHYLPREDNISOLONE ACETATE
IFNL4,3,BOCEPREVIR
SCD,7.501,TIOCARLIDE
SV2A,4.501,LEVETIRACETAM
CPS1,7.501,CARGLUMIC ACID
DPP4,1.05,CARMEGLIPTIN
EGLN3,2.1,DAPRODUSTAT
CD19,1.281,TAPLITUMOMAB PAPTOX
AVPR1A,0.761,ARGIPRESSIN TANNATE
PDCD1,1.281,SERPLULIMAB
IL17A,2.02,CJM-112
TERT,3,CHEMBL:CHEMBL457246
IDO1,7.501,CHEMBL:CHEMBL1224312
AKR1B10,5.251,OLEANOLIC ACID
CASP1,2.02,BERKELEYACETAL C
PPARG,0.84,SHINFLAVANONE
RCE1,3.751,CHEMBL:CHEMBL1576338
ADRB1,0.597,DICHLOROISOPROTERENOL
GSK3B,0.761,SR-13668
PPARG,0.84,LICOFLAVANONE A
PIM1,1.5,CHEMBL:CHEMBL515495
NR1H4,0.761,THEONELLASTEROL G
GBA1,1.5,CHEMBL:CHEMBL588327
IFNL3,3.15,VELPATASVIR
HUS1,1.5,CAMPTOTHECIN
RPS19,0.577,METOCLOPRAMIDE HYDROCHLORIDE
ABCC2,0.547,LUMEFANTRINE
IFNL3,6.301,LEDIPASVIR
SLC12A3,0.729,TORSEMIDE
NAT2,0.729,DANIQUIDONE
BTF3P1,5.251,HG2+
CPS1,3,METHIONINE
ZSCAN25,10.502,LOPINAVIR
G6PD,0.525,METABUTETHAMINE
CYP2A6,2.122,ARTEMISININ
CPS1,3,METHIONINE
EEF1D,0.729,VIC 1911
EEF1D,0.729,SNS-314
SLC5A4,0.597,GLUFOSFAMIDE
ACHE,2.317,HUPERZINE A
KCNQ2,1.05,ICA-105665
PARP1,4.201,INIPARIB
SV2A,4.501,LEVETIRACETAM
DHFR,0.547,TRIMETREXATE
ACRV1,1.382,PF-514273
ACTBP2,0.729,TAK-220
CSF3R,2.02,PLX-5622
OPN4,0.75,MORPHINE GLUCURONIDE
C1R,0.547,CARBENOXOLONE
DNMT1,0.597,ORAL AZACITIDINE
ACTG1,1.5,ISOTHIOUREA-1A
ABL1,0.637,NILOTINIB
ACTG1,1.5,T134
TRPV1,1.281,GRC-6211
CPT1A,2.02,AZALANSTAT
DAPK1,3.751,COMPOUND 1 [XIAO ET AL. 2014]
DNMT1,0.597,BROMO-DEAZA-SAH
APOBEC1,1.05,"15-DEOXY-&DELTA;12,14-PGJ2"
GRM2,7.501,JNJ-40411813
EMD,3.751,HARMINE
CD19,1.281,AUTOLOGOUS ANTI-CD19 CAR T-CELLS IM19
NR3C1,0.802,RELACORILANT
CXCR4,6.301,ULOCUPLUMAB
CD27,15.002,VARLILUMAB
EEF1D,0.729,GSK143
AMFR,3.751,BIIL 260
ATP6V0A1,1.05,SUVECALTAMIDE
ACRV1,1.382,GAT100
CNR2,1.01,COMPOUND C2 [PMID: 29990428]
CNR2,1.01,SR144528
ACTBP5,7.501,CCL1
ACTBP2,0.729,VICRIVIROC
BTS1,7.501,S-(-)CPP
ALB,0.597,"[125I]UROCORTIN 1 (MOUSE, RAT)"
ALDH3A1,1.5,BETA-ERGOCRIPTINE
GLI1,0.729,GARCINOL
APOBER1,1.05,ZK118182
APOBER1,2.1,GW848687X
AQP8,1.281,CR6086
FRA11F,7.501,FIRATEGRAST
ERVT3,7.501,BAY-885
APBA1,1.281,SCH486757
ANXA7,3.751,JMV2004
FRA4A,7.501,"SBC-115,337"
CTPS1,1.382,ROCK INHIBITOR 3
TEX28,3.751,GSK429286A
AMT,1.5,AMISELIMOD PHOSPHATE
APOC4,1.382,IFETROBAN
APOC4,1.382,[125I]BOP
APOC4,1.382,KW-3635
ATP2A2,0.761,KB-R7943
ATP2A2,0.761,SAR7334
CDKN2A,1.01,PF-00477736
CDKN2A,2.02,HMN-214
DPP4,1.05,DBPR-108
BCL3,2.02,IMB-808
BACE1,1.01,LY3202626
EGLN3,2.1,MOLIDUSTAT
LRRK2,4.201,CHEMBL:CHEMBL2204495
FRA8C,7.501,MM3122
CHRM1,0.838,OXYPHENONIUM
DPP4,2.1,DUTOGLIPTIN
SHROOM2,0.525,NC 8-12
AMYP1,3.751,ATC0065
CYP7A1,0.729,CHOLIC ACID
ATP1B1P1,0.597,ACETALDEHYDE
MMP3,3.751,BERKELEYACETAL C
ALDH1L1,10.502,METHIONINE
COX11,7.501,DAZOXIBEN
CXCR4,4.201,CHEMBL:CHEMBL2347632
PARP1,1.05,TALAZOPARIB TOSYLATE
GLUL,2.02,E2012
F10,0.595,RIVAROXABAN
ADRB1,0.994,BETAXOLOL
CDK7,0.525,ALVOCIDIB
ALPI,2.1,HUMAN GIP(1-30)NH2
SYK,3,LANRAPLENIB
ITGA2B,3.646,ABCIXIMAB
ARL2,2.1,ZD7288
ALOX5AP,7.501,FIBOFLAPON
EIF4EP1,2.02,"COMPOUND 51 [MALLINGER ET AL., 2016]"
EFNB2,1.01,DD-03-171
CYP17A1,30.004,ORTERONEL
VEGFA,2.02,PEGAPTANIB
DMTN,7.501,BI605906
INSR,0.75,INSULIN PURIFIED PORK
FRA16C,10.502,COMPOUND 7 [PMID: 31381331]
CHEK1,1.382,LY-2606368
GRIA4,0.597,BECAMPANEL
BHMT2,5.251,BETAINE
IFNAR1,0.729,ROPEGINTERFERON ALFA-2B
PDCD1,1.281,ZIMBERELIMAB
IL1R1,3.141,ANAKINRA
ASGR1,3.751,SPERMIDINE
NQO1,2.02,CHEMBL:CHEMBL1983317
MMP3,3.751,BERKELEYDIONE
ANOP1,1.281,CFMTI
ALPI,0.525,DIHYDRODAPHNODORIN B
ABCC2,0.729,CEFADROXIL ANHYDROUS
H4F3,1.01,"NITROFURANTOIN, MACROCRYSTALS"
PTPN1,4.201,ALDISIN
ARSA,0.729,CHEMBL:CHEMBL64239
NR1I3,3.751,TRIPHENYL PHOSPHATE
RAD54L,0.525,CHEMBL:CHEMBL597857
JAK2,0.652,FEDRATINIB
GJA1,0.597,BLEOMYCIN
KCNQ1,0.597,DOLASETRON
MUC2,1.2,DECITABINE
GADD45AP1,2.1,ILOMASTAT
SLPI,1.01,RECOMBINANT CYTOKINE
SPOPL,1.382,OLANZAPINE
UGT1A10,0.502,ACETAMINOPHEN GLUCURONIDE
IFNL3,4.201,DASABUVIR
SLC25A31,0.761,HYDROCHLOROTHIAZIDE
SIGMAR1,2.1,BLARCAMESINE
HTR2A,1.515,NELOTANSERIN
VEGFA,2.02,PEGAPTANIB
CXCR1,3.751,CANOCTAKIN
AKT3,0.547,ARCHEXIN
TH,1.5,SAPROPTERIN
CRHR2,7.501,UROCORTIN 2
EPCAM,6.301,CITATUZUMAB BOGATOX
IL17B,10.502,VIDOFLUDIMUS
ATHS,3.751,&ALPHA;-CONOTOXIN RGIA
ATD,3.751,TC-2559
KCNJ1,0.729,MINOXIDIL
APBA1,1.281,[3H]LEU-N/OFQ
APBA1,1.281,[3H]N/OFQ
ANXA1,0.597,[125I]NPFF
ANXA2,3.751,NCGC 84
AXL,0.547,BI-505
F2,1.382,DPOC-4088
SLC6A4,0.597,BICIFADINE
SLC25A4,0.502,CLODRONIC ACID
KCNJ10,7.501,GLISOXEPIDE
TERT,3,TERTOMOTIDE
TNF,1.129,PEGSUNERCEPT
CXCR4,4.201,CTCE-9908
PCSK9,2.02,BOCOCIZUMAB
ADRB1,0.597,BRL35135
F2,1.382,ARGATROBAN
MTNR1A,7.501,RAMELTEON
PARP1,1.05,BGP-15
BACE1,2.02,ELENBECESTAT
NAT1,0.729,RS 39604
BRD3,0.597,XD14
EFNB2,1.01,SOFNOBRUTINIB
ASIC1,1.382,R-954
ASIC1,1.382,NG29
BDKRB2,0.547,B-9430
ACTB,0.75,CCL26
ACTB,1.5,GW766994
ACTBP2,0.729,COMPOUND 39 [PMID: 31742400]
ACTG1,1.5,CXCL12H25R (MONOMER)
EIF4B,1.382,RGB-286638
PRLHR,5.251,MOLIDUSTAT
CHEK1,1.382,COMPOUND 1L [PMID: 16644217]
ABCD2,1.382,AMG-837
ASS1P6,3.751,LY339434
ENUR2,1.05,ECF506
PRDM1,1.5,"COMPOUND 9A [PATIL ET AL., 1989]"
ADCY3,0.75,2-ARACHIDONYL GLYCERYL ETHER
ADCY3,1.5,CHGB (511-532)
BAD,0.547,PF-04885614
CLN8,3.751,LIMKI3
AMY2B,1.382,P-GUANIDINOBENZOYL-MCH-(7-17)
AMY2B,1.382,TETRALIN_UREA ANALOGUE (7O)
ANOP1,1.281,A-794282
ANOP1,1.281,LY456236
ANOP1,1.281,LY456066
ANOP1,1.281,(S)-4C3HPG
AARS1,0.597,PCS1055
DPP6,1.05,PDGF RECEPTOR TYROSINE KINASE INHIBITOR IV
BBS4,1.5,BATRACHOTOXIN
AQP4,1.382,YM44778
SLC15A2,2.02,[18F]FEPPG
CLTC,7.501,[3H]PEMETREXED
BIRC5,0.597,[D-TRP12]PTH-(7-34) (BOVINE)
CD3E,0.729,REMOGLIFLOZIN
DMP1,7.501,CU-CPT8M
ATP2B1,0.547,BTP2
MSH2,0.729,IPILIMUMAB
PTGFR,15.002,LATANOPROST
PPIA,3.751,SCY-635
DMP1,3.751,SELGANTOLIMOD
CTPS1,1.382,HSD1590
FDPS,4.201,RISEDRONIC ACID
CTPS1,1.382,COMPOUND 8 [PMID: 25898023]
SLC38A1,10.502,ALANINE
TERT,1.5,HTERT-LAMP MRNA-LOADED AUTOLOGOUS DENDRITIC CELL VACCINE GRNVAC1
F2R,0.577,TINZAPARIN SODIUM
SHROOM2,1.05,ACQ090
ELF5,10.502,COMPOUND 14K [PMID: 21982499]
MMP9,4.201,ANDECALIXIMAB
BCL2L1,3.751,SANGIVAMYCIN
MTNR1A,7.501,TIK-301
CCL3,1.129,INFLIXIMAB-DYYB
ADRB3,0.75,SOLABEGRON
ASS1P5,1.382,LY339434
ANXA7,3.751,LEVOCABASTINE
GNAI2,1.382,COMPOUND 10B [PMID: 26222319]
EPCAM,4.201,TAG-72 ANTIGEN
APOC4,1.382,AGN 191976
FRA8C,3.751,COMPOUND 5 [PMID: 21741839]
TERT,3,CHEMBL:CHEMBL89250
DOCK3,3.751,LY2109761
CSF2,2.1,NAMILUMAB
ERVT3,7.501,XMD17-109
ACTB,1.5,RO116-9132/238
DMD,7.501,SUVODIRSEN
ROS1,0.547,TALETRECTINIB
TBXA2R,3.751,RIDOGREL
HTR2B,0.729,METHYLERGONOVINE MALEATE
INSR,0.75,INSULIN ZINC SUSP PURIFIED PORK
INSR,0.75,INSULIN SUSP ISOPHANE SEMISYNTHETIC PURIFIED HUMAN
PTGFR,15.002,LATANOPROST
THRA,7.501,DEXTROTHYROXINE SODIUM
NR1H4,0.761,PX-102
CYP17A1,3.751,GALETERONE
CDK7,0.525,ALVOCIDIB
PPP2CA,21.003,LB-100
APH1B,1.01,OSUGACESTAT
RCE1,1.5,FLUNARIZINE DIHYDROCHLORIDE
NR3C1,0.802,CHEMBL:CHEMBL210411
LPAR2,0.761,PAREGORIC
ALDH1L1,10.502,METHIONINE
G6PD,0.525,CARBASALATE CALCIUM
DMD,15.002,GOLODIRSEN
DMD,7.501,CASIMERSEN
GRIA4,0.597,TALAMPANEL
JAK2,0.652,FEDRATINIB
PRKAB1,1.01,METFORMIN
CHRM1,0.838,OXYPHENONIUM
CHRNA2,7.501,PIPECURONIUM
MET,1.5,MET TYROSINE KINASE INHIBITOR SGX523
BIRC5,0.597,MAVEROPEPIMUT-S
BACE1,2.02,ELENBECESTAT
AFP,2.02,MM-093
NR3C1,0.802,ORG-34517
CD3G,1.05,AFM-11
EML4,0.761,SHP2 INHIBITOR PF-07284892
DNMT3A,1.296,PINOMETOSTAT
PDCD1,1.281,BALSTILIMAB
AMFR,3.751,CP105696
EML4,0.761,ALK/C-MET INHIBITOR TQ-B3139
EFNA1,0.597,COMPOUND 38 [PMID: 24915291]
GCLM,2.02,COMPOUND 3 [PMID: 25408830]
EML1,3.751,GNF2133
AQP8,1.281,MK-2894
SLC1A1,3.751,L-&BETA;-BA
ARRB1,1.281,L655708
PRDM1,1.5,COMPOUND 29 [PMID: 1527791]
ATD,3.751,NS9283
AQP3,0.547,ELEDOISIN
AQP4,1.382,YM49598
AQP4,1.382,GR100679
SIGMAR1,2.1,EST73502
SHROOM2,0.525,PRL-2970
APOC4,1.382,CARBOCYCLIC THROMBOXANE A2
APOC4,1.382,I-BOP
PKD2L1,0.547,BENZAMIL
CSF1,3.751,EMACTUZUMAB
ANOP1,1.281,COMPOUND 24 [PMID: 20346665]
IDH2,0.729,CERALASERTIB
UGT1A3,0.562,TELMISARTAN
ADH5,7.501,ONC212
MC1R,3.751,MODIMELANOTIDE
CSF1,3.751,EMACTUZUMAB
CLK2,0.729,CDC2-LIKE KINASE INHIBITOR
AXL,0.547,GILTERITINIB FUMARATE
CD19,1.281,JCAR014
F9,1.382,NONACOG ALFA
ASIC1,1.382,[3H]LYS-[DES-ARG9]BK
CD14,0.502,FLUTICASONE
IGF2,0.729,GLUTAMINE
KEAP1,2.1,ISOQUINOLINE 17 [PMID: 30122040]
IDO1,7.501,LINRODOSTAT
SYK,3,MIVAVOTINIB CITRATE
AMFR,3.751,SC-41930
NPBWR2,2.1,VADADUSTAT
ABCC2,0.547,COMPOUND 9 [PMID: 23472952]
GYPA,3.751,RECOMBINANT INTERLEUKIN-8
PARP1,1.05,SENAPARIB
ATG4B,0.577,CHEMBL:CHEMBL528181
CXCR1,3.751,SX-682
TNF,1.129,AVX-470
APOB,1.01,ONO-AE3-237
ADRA1A,0.547,SILODOSIN
TXNRD1,1.01,ARSENIC TRIOXIDE
PTGFR,15.002,TRAVOPROST
BACE1,2.02,LY-2811376
SYK,0.75,ENTOSPLETINIB
HTR2A,1.01,PRUVANSERIN
CXCR1,3.751,LADARIXIN
PSEN2,0.597,BEGACESTAT
EGLN2,2.1,DAPRODUSTAT
P4HTM,5.251,DAPRODUSTAT
PDCD1,1.281,SASANLIMAB
IL17A,2.02,BIMEKIZUMAB
PPP5C,10.502,LB-100
ITGAV,1.01,ATN-161
CD3G,0.525,EPCORITAMAB
ROS1,1.01,LORLATINIB
GNAS,1.5,CHEMBL:CHEMBL1417470
KCNA3,7.501,DALAZATIDE
MAOB,0.568,NAPHTHOQUINONE
DYRK2,5.251,HARMINE
PTPN22,1.05,CLOXYQUIN
MMP3,3.751,BERKELEYACETAL B
RAD54L,0.525,CHEMBL:CHEMBL601774
PTPN1,1.05,ANETHOLE TRITHIONE
NR1H4,0.761,CONICASTEROL B
G6PD,1.05,SODIUM ASCORBATE
G6PD,2.1,PEGLOTICASE
PIGF,21.003,AFLIBERCEPT
BCL2,1.281,MUC-1 ANTIGEN
HP,7.501,HEPATITIS B VACCINE
NCAM1,1.01,DULOXETINE HYDROCHLORIDE
CSK,0.761,HYDROCHLOROTHIAZIDE
EPM2AIP1,10.502,PROCARBAZINE
G6PD,0.525,DRUGSATFDA.NDA:021717
ABI1,0.525,PONATINIB
UBASH3B,1.129,GEMCITABINE
MMP9,1.05,S-3304
TGFB2,15.002,BELAGENPUMATUCEL-L
THBS1,7.501,TSP-1 MIMETIC FUSION PROTEIN CVX-045
CSF2RA,0.729,GM-CSF
KCNQ3,1.5,ICA-105665
DPP4,1.05,BISEGLIPTIN
MMP9,1.05,TST10088
HTR4,1.923,CISAPRIDE
CNR2,1.515,NABILONE
FCER1A,3.751,BENZYLPENICILLOYL POLYLYSINE
HTR1D,1.515,ALMOTRIPTAN
HTR4,1.923,CISAPRIDE
HMGCR,0.729,ROSUVASTATIN
ZHX2,2.1,TOVORAFENIB
CSF2,2.1,OTILIMAB
PDCD1,1.281,TISLELIZUMAB
SYK,3,FOSTAMATINIB DISODIUM
HTR1D,1.515,ALMOTRIPTAN
CA2,2.02,GUAIACOL
PTGFR,15.002,TRAVOPROST
RPE65,15.002,VORETIGENE NEPARVOVEC
PDCD1,1.281,AUNP-12
ALDH5A1,3.751,CHLORMERODRIN
PTGIR,3.751,DINOPROST TROMETHAMINE
EPHX2,1.5,GSK2256294
OPN4,0.75,GSK1521498
F2,1.382,HIRUDIN
BST2,1.382,NS383
PTPN1,2.1,TRODUSQUEMINE
ACP5,2.02,CALINDOL
CTSC,7.501,BRENSOCATIB
ACTA1,1.01,FLU-CCL3
ACTBP2,0.729,CCL4
ELANE,0.761,MW05
GRIN2A,0.761,ZOLBETUXIMAB
BYSL,10.502,DIDS
ALAS2,2.02,&ALPHA;-HELICAL CRF
ALAS2,2.02,NBI27914
TDO2,0.84,TCDD
AMHR2,1.382,LTE4
APOBEC1,2.1,"13,14-DIHYDRO-15-KETO-PGD2"
APOBEC1,1.05,AZD1981
AQP8,1.281,TCS 2510
AQP8,1.281,CP734432
AQP8,1.281,KMN-159
AQP8,1.281,"13,14-DIHYDRO-PGE1"
AQP8,1.281,MF 498
AQP8,1.281,GW 627368
MAP4K2,1.01,CHEMBL:CHEMBL117217
ARRB1,1.281,[3H]L655708
ALPI,0.525,TIRZEPATIDE
ADH5,7.501,9-HYDROXYOCTADECADIENOIC ACID
ADCY3,1.5,ML193
EPHA8,0.577,WZ4002
DFNB14,5.251,IL-5
BRAFPS1,1.5,ARISTOLOCHIC ACID
KCNJ8,0.547,MINOXIDIL
AMY2B,1.382,VARIANT MCH
MMP7,7.501,RS 39066
FSHMD1B,0.729,TRANYLCYPROMINE
ANXA2,3.751,SHA 68R
FAP,2.02,SZM679
AMT,1.5,CYM5181
SIGMAR1,2.1,BD-1063
APOC4,1.382,I-SAP
ATP5F1BP1,1.5,6-IODO-NORDIHYDROCAPSAICIN
MET,1.5,CAPMATINIB
GNA11,1.05,SOTRASTAURIN ACETATE
EML4,0.761,THZ1
AQP3,0.547,TRADIPITANT
CD19,1.281,DENINTUZUMAB
IFNG,3.751,THERAPEUTIC AUTOLOGOUS LYMPHOCYTES
MET,0.75,BMS-777607
PTGDR2,0.79,RAMATROBAN
EPCAM,2.1,MOC31-PE
PARD3B,1.281,OXALIPLATIN
ASS1P5,1.382,[3H]UBP310
ABR,1.01,ZINTEROL
PRL,0.729,GONADOTROPIN-RELEASING HORMONE ANALOG
OPN4,0.75,NALOXEGOL
RPS6KA3,0.75,CHEMBL:CHEMBL240954
PTPN1,1.05,ALLYL ISOTHIOCYANATE
DCK,0.761,(R)-ND-336
ADRB3,1.5,TALIBEGRON HYDROCHLORIDE
PTPN1,4.201,CHEMBL:CHEMBL458855
ACAT2,0.729,GASTRIN RELEASING PEPTIDE(14-27) (HUMAN)
CHUK,7.501,GLAUCARUBINONE
ADCY3,1.5,O-ARACHIDONOYL ETHANOLAMINE
ADRB3,0.75,BOPINDOLOL
PLA2G1B,1.01,CONTEZOLID ACEFOSAMIL (PARENT)
HTR1B,0.927,FROVATRIPTAN
EFNB2,1.01,SEPHB4-HSA
DHRS9,15.002,PROTECTED SIPHONODICTYAL C
KRAS,0.547,BCL-2 INHIBITOR
DPP4,1.05,SAXAGLIPTIN HYDROCHLORIDE
SLC38A4,5.251,ALANINE
INSR,0.75,INSULIN ZINC SUSP PROMPT PURIFIED PORK
INSR,1.5,INSULIN GLARGINE-YFGN
HTR2A,1.01,TEMANOGREL
TRPV1,1.281,PHE377
GRIA4,0.597,MIBAMPATOR
VEGFA,1.515,VANUCIZUMAB
IL17F,7.501,BIMEKIZUMAB
EGLN2,2.1,MOLIDUSTAT
CD3G,0.525,ODRONEXTAMAB
INSR,0.75,"INSULIN ZINC, EXTENDED"
KRAS,0.547,CETUXIMAB
RACGAP1,0.75,PINORESINOL
PPARG,0.84,KANZONOL W
RACGAP1,0.75,CHEMBL:CHEMBL328540
ABCC2,0.547,CEPHRADINE
HSPA5,0.547,NORGESTREL
CASP1,2.02,BERKELEYACETAL A
IDO1,3.751,PHENYLHYDRAZINE
RACGAP1,0.75,CHEMBL:CHEMBL590675
RACGAP1,0.75,BENZIDINE
MET,0.75,BMS-777607
GGT1,1.296,CANNABINOL
PLA2G1B,2.02,AROMATASE INHIBITOR
PLAT,0.562,NAPROXEN SODIUM
CYP3A7,1.5,ETONOGESTREL
UGT1A3,0.562,ACETAMINOPHEN GLUCURONIDE
CYP3A,1.01,LUMEFANTRINE
ALG10,1.129,GEMCITABINE
DCP1B,1.129,GEMCITABINE
NAT2,0.547,HYDRALAZINE / ISOSORBIDE DINITRATE
IFNL3,2.1,ELBASVIR/GRAZOPREVIR
HMGCR,0.729,ROSUVASTATIN
HTR1B,0.927,FROVATRIPTAN
TNNC1,4.501,LEVOSIMENDAN
CSF2,2.1,OTILIMAB
RET,1.296,MITOQUINONE MESYLATE
CNR2,1.515,NABILONE
IL25,5.251,VIDOFLUDIMUS
SLC12A1,3.751,CHLORMERODRIN
SLC6A2,0.736,GUANADREL SULFATE
CA1,1.05,METHAZOLAMIDE
ADRB1,0.597,METIPRANOLOL
SLC12A1,3.751,CHLORMERODRIN
HTR1B,0.927,FROVATRIPTAN
ADRB1,0.597,METIPRANOLOL
PTGIR,3.751,DINOPROST TROMETHAMINE
CSF1,7.501,CSF1R INHIBITOR PLX73086
ATP2A2,0.761,GALLOPAMIL
HMGCR,0.729,ROSUVASTATIN
TERT,1.5,EPITALON
SLC12A1,3.751,METHYCLOTHIAZIDE
KCNQ3,1.5,ICA-105665
CES1,0.761,PACTIMIBE
THBS1,7.501,TSP-1 MIMETIC FUSION PROTEIN CVX-045
RRM2,2.02,TRANSFERRIN RECEPTOR-TARGETED ANTI-RRM2 SIRNA CALAA-01
ABCF1,1.281,REC 15/2615
CSRP2,1.01,BALANOL
EFNB2,1.01,BTK INHIBITOR 16 [PMID: 30122225]
ASIC1,1.382,"AC-LYS-[MEALA6,LEU8,DES-ARG9]BRADYKININ"
ASIC1,1.382,[3H]LYS-[LEU8][DES-ARG9]BK
ACTBP2,0.729,BMS-681
ACTG1,1.5,[125I]CXCL12&ALPHA; (HUMAN)
ACTG1,1.5,T22
ACTG1,0.75,COMPOUND 46C [PMID: 29350534]
CDK13,2.1,CDK12 INHIBITOR 2
NR1I3,3.751,PK 11195
NPBWR2,2.1,MOLIDUSTAT
ALDOA,3.751,CPTB
ALDOA,3.751,TUG-2304
APOC2,1.05,LATANOPROST
GMFA,7.501,INCB13739
BCL3,2.02,"24(S), 25-EPOXYCHOLESTEROL"
AMY2B,1.382,S36077
ANOP1,1.281,COMPOUND 11Q [PMID: 19433355]
CD70,1.01,METOLAZONE
BCKDHB,1.01,L-783483
AMT,0.75,AUY954
CD3D,0.547,BEXAGLIFLOZIN
CD3E,0.729,TOFOGLIFLOZIN ANHYDROUS
SHROOM2,1.05,"BN-81,644"
ATP5F1BP1,1.5,SB366791
ATP5F1BP1,1.5,BCTC
ATP5F1BP1,1.5,AMG 9810
CACNA1B,0.547,NP118809
PSEN1,0.577,GSI-136
BIRC5,0.597,"[ILE5,TRP23]PTHRP-(5-36) (HUMAN)"
OPN4,0.75,PROPOXYPHENE HYDROCHLORIDE
AQP1,1.382,"H-C[DCYS-PHE-LAGL(N&BETA;ME,BENZOYL)-DTRP-LYS-THR-PHE-CYS]-OH"
APOC2,2.1,[3H]PGF2&ALPHA;
APC,0.597,5BRUTP
TERT,3,CHEMBL:CHEMBL520095
CD19,1.281,LISOCABTAGENE MARALEUCEL
ANOP1,1.281,COMPOUND 22 [PMID: 17276684]
UGT2B15,1.01,OXAZEPAM
NOTCH2,15.002,TAREXTUMAB
ACAT2,0.729,[LEU8]-PHYLLOLITORIN
DNCM,1.5,ZILURGISERTIB
ACTG1,1.5,CXCL12-(1-9)
NOTCH2,15.002,TAREXTUMAB
CYP27A1,0.547,CHOLIC ACID
SLC6A4,0.597,BRASOFENSINE
SH2D5,1.129,GEMCITABINE
CD3G,0.525,FLOTETUZUMAB
EN1,0.547,EGFR/ERBB-2/ERBB-4 INHIBITOR
BPGM,7.501,PHENYL-&BETA;-D-GLUCOPYRANOSIDE
F2,1.382,DESIRUDIN
DNER,2.02,MIVEBRESIB
CNR2,1.01,TARANABANT
MMP16,1.05,ILOMASTAT
MMP8,7.501,CIPEMASTAT
GRIN3B,0.577,LANICEMINE
SERINC5,10.502,MEPERIDINE HYDROCHLORIDE
TENT4A,1.129,GEMCITABINE
ADRB3,1.5,VIBEGRON
GDF2,0.729,NEXTURASTAT A
ANXA2,3.751,[125I]TYR10NPS (HUMAN)
IDO1,7.501,CHEMBL:CHEMBL14145
NGF,15.002,FASINUMAB
TLR2,7.501,TOMARALIMAB
TERT,1.5,IODINE I-131
NR3C2,1.382,DROSPIRENONE
NR3C1,0.802,BETAMETHASONE BENZOATE
GC,0.547,DOCOSANOL
NR3C2,1.382,DROSPIRENONE
SLC18A2,2.1,TETRABENAZINE
MAP2K2,0.597,AS-703988
HSPB1,0.729,BENZENETHIOL
ADRB3,1.5,VIBEGRON
ADORA1,0.729,AMP579
NCSTN,0.597,BEGACESTAT
PSENEN,0.547,BEGACESTAT
CD274,0.562,DURVALUMAB
ITGAV,1.01,ETARACIZUMAB
EPCAM,6.301,ING-1
SRD5A1,0.729,ABIRATERONE ACETATE
PPP2CB,10.502,LB-100
IL2RB,2.02,PEGENZILEUKIN
BIRC5,0.597,SVN53-67/M57-KLH PEPTIDE VACCINE
NFKB2,0.568,SORBINIL
TRPV4,1.296,CHEMBL:CHEMBL120580
RXFP1,3.751,LOMIFYLLINE
AQP8,1.281,L902688
APBA1,1.281,[(PF)PHE4]N/OFQ-(1-13)-NH2
HKDC1,1.01,CHEMBL:CHEMBL1707907
GAA,0.729,CHEMBL:CHEMBL604100
TEK,0.547,LOPERAMIDE
TRPV1,1.281,ISOPROPYL ISOTHIOCYANATE
CASP1,2.02,BERKELEYACETAL B
TXNRD2,1.01,ARSENIC TRIOXIDE
GBA1,0.75,CHEMBL:CHEMBL1379900
G6PD,0.525,SULFADIAZINE
ADA,0.652,TILARGININE
ADA,0.761,DIDEOXYADENOSINE
BCL2,0.961,APRINOCARSEN
FOS,1.05,MAGNESIUM SULFATE ANHYDROUS
GCG,2.02,MEK INHIBITOR PD-98059
HMOX2,2.1,BETAMETHASONE
MAP2,1.01,COLCHICINE
MPO,0.525,IMMUNOTHERAPEUTIC AGENT
MYC,0.75,ELSAMITRUCIN
MYC,1.5,COBALT CO-60
PRL,0.729,HYPOXIS HEMEROCALLIDEA ROOT EXTRACT
TSHB,0.502,MECHLORETHAMINE
UMOD,1.296,VITAMIN A
USP5,0.761,HYDROCHLOROTHIAZIDE
MUC16,22.503,OREGOVOMAB
AGT,0.729,LISINOPRIL ANHYDROUS
PSPH,21.003,METHIONINE
LMNB2,10.502,METRELEPTIN
AGPAT2,10.502,METRELEPTIN
BTRC,1.129,GEMCITABINE
BSCL2,10.502,METRELEPTIN
PSPH,21.003,METHIONINE
COMT,1.5,ENTACAPONE
IFNAR1,0.729,INTERFERON BETA
RICTOR,3.751,OSI-027
KLKB1,3.751,AVORALSTAT
COMT,1.5,ENTACAPONE
SLC6A2,0.736,PHENMETRAZINE
CNR2,2.02,TEDALINAB
CACNA1G,0.729,PENFLURIDOL
IMPA1,5.251,LITHIUM CARBONATE
PLG,3.751,DESMOTEPLASE
ADRB1,0.597,LEVOBETAXOLOL
VEGFA,1.01,ABICIPAR PEGOL
PDCD1,1.281,EZABENLIMAB
BACE1,1.01,LY2886721
F2R,2.02,ATOPAXAR
BTN1A1,5.251,PHLORETIN
ACAT2,0.729,RANATENSIN
ACAT2,0.729,"[D-PHE6, LEU13, CPA14,&PSI;13-14]BOMBESIN-(6-14)"
AMFR,3.751,U75302
AMFR,3.751,ONO-4057
GCLM,2.02,COMPOUND 1 [PMID: 25408830]
ACP5,2.02,SB-423562
ACP5,2.02,ATF936
ACTA1,1.01,CCL4
ACTA1,1.01,[125I]CCL2 (HUMAN)
ACTBP5,1.5,CCL8
ACTBP5,1.5,VMIP-II
ALAS2,1.01,"[125I]UROCORTIN 1 (MOUSE, RAT)"
AMHR2,1.382,BAYU9773
APOB,1.01,[3H]BWA868C
APOBEC1,1.05,TIMAPIPRANT
APOBER1,2.1,MF266-1
AQP8,1.281,11-DEOXY-PGE1
AQP8,1.281,CJ-042794
ASS1P5,1.382,CONCANAVALIN A
ARVD4,0.577,HU-210
ARVD3,1.382,PMBA
FRA11F,7.501,CAROTEGRAST
BRAFPS1,3.751,CYCLAMATE
BRAFPS1,3.751,SACCHARIN
PAK4,0.547,FRAX597
CTH,1.01,BALANOL
CTPS1,1.382,GSK429286A
AMT,0.75,ST-1505
SIGMAR1,2.1,(+)-SKF 10.047
CD44,1.382,264W94
SHROOM2,1.05,BIM 23058
SHROOM2,1.05,SST3-ODN-8
TLR2,3.751,COMPOUND 13 [PMID: 23098072]
APOC4,1.382,EP 171
APOC4,1.382,VAPIPROST
APOC4,1.382,[125I]SQ-29548
ATP1B1P1,0.597,OLEOCANTHAL
ATP2A2,0.761,SH045
ANXA2P3,2.02,NPY
SCNN1B,1.823,TRIAMTERENE
PDE6C,0.75,PENTOXIFYLLINE
PDE1A,0.75,PENTOXIFYLLINE
PDE6B,0.75,PENTOXIFYLLINE
ROS1,1.01,LORLATINIB
PDE6D,0.75,PENTOXIFYLLINE
PDE6G,0.75,PENTOXIFYLLINE
CRHR2,3.751,SC-22716
CD274,0.562,DURVALUMAB
PRDM1,1.5,COMPOUND 2C [PMID: 2153213]
GPR12,3.751,TULMIMETOSTAT
APBA1,1.281,COMPOUND 24 [PMID: 16451050]
ABCC9,0.597,GLIMEPIRIDE
MT-RNR1,7.501,MICRONOMICIN
G6PD,0.525,NALIDIXIC ACID
PLG,3.751,DESMOTEPLASE
CNN1,7.501,A-908292
ACTBP2,0.729,[125I]CCL8 (HUMAN)
FFAR1,3.751,CHEMBL:CHEMBL2152070
F2,2.073,XIMELAGATRAN
NSD2,0.547,CHEMBL:CHEMBL483206
EFNB2,1.01,COMPOUND 4G [PMID: 30893553]
BPGM,7.501,BETA-GENTIOBIOSE
APOC4,1.382,DOMITROBAN
APBA1,1.281,SB 612111
CD19,1.281,AZERCABTAGENE ZAPRELEUCEL
SIGMAR1,2.1,(RS)-PPCC
AMPH,2.02,H2L5186303
EFNA2,2.02,LUT014
GUCY1A2,0.729,CINACIGUAT
ESR1,0.736,BRILANESTRANT
F2,1.382,DESIRUDIN
F2R,2.02,ATOPAXAR
F2,1.382,DESIRUDIN
ADRB1,0.597,METOPROLOL FUMARATE
INSR,0.75,INSULIN ASPART PROTAMINE RECOMBINANT
INSR,0.75,INSULIN LISPRO-AABC
CXCR4,2.1,BALIXAFORTIDE
GRIN3B,0.577,LANICEMINE
MUC16,22.503,OREGOVOMAB
CA9,3.751,CG250 177LU
ALOX5AP,7.501,FIBOFLAPON
MUC16,3.751,IGOVOMAB
PTH1R,3.751,ABALOPARATIDE
CD3G,0.525,IMC-GP100
BHMT,5.251,BETAINE
PPIA,7.501,SCY 635
DPP4,1.05,BISEGLIPTIN
NGF,22.503,TANEZUMAB
CNR2,1.01,TARANABANT
GNAS,1.5,CHEMBL:CHEMBL1506226
TERT,3,TELOMESTATIN
TRPA1,0.729,BUTAMBEN
PTPN11,3.751,OLTIPRAZ
PTPN1,1.05,OLTIPRAZ
KEAP1,2.1,DIMETHYL FUMARATE
PSMB5,2.25,MG-132
RAD54L,0.525,CHEMBL:CHEMBL588250
HKDC1,0.577,OXOPURPUREINE
APH1B,2.02,CHEMBL:CHEMBL392068
GYPA,15.002,YESSOTOXIN
GBA1,0.75,SULFANITRAN
PTPN1,2.1,MORONIC ACID
GAA,0.729,CHEMBL:CHEMBL1422873
EIF4A1,2.02,HIPPURISTANOL
ARSB,1.01,ASCORBIC ACID
BGLAP,0.568,DIHYDROTESTOSTERONE
EPO,15.002,RECOMBINANT INTERLEUKIN-1-ALPHA
GSTM1,0.652,SULFORAPHANE
KLKB1,3.751,AVORALSTAT
IL2,0.547,EDRECOLOMAB
LDLR,1.129,CHOLESTYRAMINE RESIN
SFTPA1,0.547,BACILLUS CALMETTE-GUERIN ANTIGEN
PDCD1,1.281,BUDIGALIMAB
CSF3R,2.02,CSL-324
LRRC15,0.761,HYDROCHLOROTHIAZIDE
NAMPT,2.1,NITRIC OXIDE
UGT1A7,0.562,ACETAMINOPHEN GLUCURONIDE
CYP3A7,3.751,CORTISONE ACETATE
IFNL4,0.75,INTERFERON ALFA-2B
HTR5A,0.525,ASENAPINE
DMD,7.501,BMN-044
SLC12A1,3.751,HYDROFLUMETHIAZIDE
SCNN1B,1.823,TRIAMTERENE
BRD4,1.382,BRD4 INHIBITOR PLX2853
OPN4,0.75,DIPHENOXYLATE
CD19,1.281,AUTOLOGOUS ANTI-CD19 CAR-T CELLS TBI-1501
NR3C1,0.802,BETAMETHASONE BENZOATE
GLUL,0.577,GSI-136
GLUL,2.02,CHF-5074
SQLE,1.01,AMIODARONE HYDROCHLORIDE
AKT3,0.547,SR-13668
GBA1,1.5,AFEGOSTAT TARTRATE
GCLM,2.02,OF-1
BDKRB2,0.547,KALLIDIN
BDKRB2,0.547,JMV1431
ACTA1,2.02,BMS-817399
ACTB,0.75,CCL28
ACTB,1.5,[125I]CCL11 (HUMAN)
ACTG1,1.5,ISOTHIOUREA-1T
ALDH3A1,0.75,ECOPIPAM HYDROCHLORIDE
DPYSL2,1.382,COMPOUND 7R [PMID: 26080733]
APOC2,2.1,BAY-6672
GART,1.281,COMPOUND 35M [PMID: 36073117]
PRDM1,1.5,COMPOUND 18 [PMID: 8426367]
ADCY3,1.5,CID1172084
ADCY3,1.5,"CP55,667"
DMTN,7.501,IKK-2 INHIBITOR IV
BCL3,1.01,PAXILLINE
BCL3,1.01,L-783483
AMYP1,3.751,MELANIN-CONCENTRATING HORMONE
ANOP1,1.281,[18F]FITM
ANOP1,1.281,[18F]MK-1312
PSMB2,0.547,CARFILZOMIB
ANXA2,3.751,RTI-118
ANXA1,0.597,Y-RFRP-3
GRM5,0.729,VER-246608
BCL2L1,3.751,CHOLESTEROL SULPHATE
CXADR,7.501,GLXC-26326
AMT,1.5,ICANBELIMOD
ATP2B1,0.547,KB-R7943
BCL7A,3.751,LEXACALCITOL
NRG1,0.547,ANTI-HER3 MONOCLONAL ANTIBODY GSK2849330
KRAS,0.547,DIVARASIB
MLH1,3,DOSTARLIMAB
PMS2,1.01,IPILIMUMAB
EPCAM,6.301,CITATUZUMAB BOGATOX
CD3G,0.525,TECLISTAMAB-CQYV
CXCR4,4.201,CHEMBL:CHEMBL1242210
HSP90AB1,0.761,AUY922
ADA,0.652,RECOMBINANT INTERLEUKIN
CXCL2,0.729,BACILLUS CALMETTE-GUERIN ANTIGEN
F2R,1.01,DESIRUDIN
MT1A,1.281,OXALIPLATIN
SOD2,0.729,ASPARAGINASE
MMP9,0.525,ANTIHYPERTENSIVE AGENT
GNB3,0.729,TORSEMIDE
IFNL3,2.1,DELEOBUVIR
VEGFA,2.02,PEGAPTANIB
PLAGL1,1.382,OLANZAPINE
PTPRN2,1.382,OLANZAPINE
GRIA4,0.597,CX-717
APH1B,0.577,GSI-136
TERT,3,TERTOMOTIDE
KCNQ4,1.05,ICA-105665
ACHE,2.317,AMBENONIUM
ADRB1,0.994,BETAXOLOL
HTR1B,0.662,RIZATRIPTAN BENZOATE
CYP17A1,30.004,ORTERONEL
NR3C2,1.382,LY-2623091
MMP9,1.05,TOZULERISTIDE
ODC1,2.1,EFLORNITHINE
CRABP2,1.05,TOLFENAMIC ACID
ACTA1,1.01,[125I]CCL8 (HUMAN)
AMHR2,1.382,COMPOUND 13E [PMID: 31811124]
APOBEC1,2.1,"13,14-DIHYDRO-15-KETO-PGF2&ALPHA;"
APOBEC1,1.05,PGJ2
APOBEC1,2.1,TM30089
APOBEC1,0.525,"COMPOUND 51 [CROSIGNANI ET AL., 2011]"
CRK,0.547,BITHIONOL
BPGM,7.501,SALICIN
BPGM,7.501,4-NITROPHENYL-&BETA;-D-MANNOPYRANOSIDE
ZFP36L2,3.751,"CYCLOLINOPEPTIDE 1-MSO,3-MET-CL6"
ATP6V1B1,1.05,NITRIC OXIDE
ATP6V0C,5.251,ARACHIDONIC ACID
RHOA,1.5,NS1619
ASGR1,3.751,PUTRESCINE
AMY2B,1.382,AZ13483342
ANOP1,1.281,A-850002
DPP6,0.525,AGL 2043
FRA4A,3.751,BOCOCIZUMAB
FAP,2.02,RIPK3 INHIBITOR 42
BCHEL3,0.547,RO 40-6055
GLA,1.01,DUVOGLUSTAT
AIP,4.201,TCDD
TNFRSF17,1.382,AUTOLOGOUS BCMA/TACI-TARGETED CAR T CELLS AUTO2
ADCY3,1.5,CID16020046
AMY2B,1.382,MCH6-17
INSR,0.75,"INSULIN ZINC, PROMPT"
GLRX,5.251,ABATACEPT
ADRA1A,0.547,NICERGOLINE
C1QC,0.547,CARBENOXOLONE
NGF,15.002,MEDI-578
AMY2B,1.382,S36057
SSTR5,0.729,OCTREOTIDE ACETATE
GPR12,15.002,NEOCYCLOCITRINOL B
AXL,0.547,PROTEIN S
CPS1,3.751,SOTICLESTAT
AMY2B,1.382,GW803430
IRF6,5.251,INTERFERON BETA-1B
CNR2,1.01,"L-759,633"
CDK7,2.1,SNS-032
ADRB1,0.597,BISOPROLOL FUMARATE
INSR,0.75,INSULIN SUSP PROTAMINE ZINC PURIFIED BEEF
PDE6H,0.75,PENTOXIFYLLINE
NR3C1,0.802,CHEMBL:CHEMBL1915270
RAD52,0.597,CHEMBL:CHEMBL522887
CACNA1G,0.729,PHENSUXIMIDE
AXL,0.547,BPI-9016
ADORA3,1.382,QAF805
TRPV1,1.281,GRC-6211
MET,3,ONARTUZUMAB
TERT,1.5,IMETELSTAT SODIUM
AOC1,0.597,PROXIBARBAL
CSNK1E,5.251,4-(3-PYRIDIN-2-YL-1H-PYRAZOL-4-YL)QUINOLINE
CD27,15.002,VARLILUMAB
KRAS,0.547,DANOPREVIR
PDE4A,0.597,HT-0712
CYP17A1,7.501,SEVITERONEL
PDCD1,1.281,FINOTONLIMAB
CYP17A1,1.5,LEVOKETOCONAZOLE
MMP3,3.751,BERKELEYACETAL A
NR1H4,0.761,CONICASTEROL D
PTPN22,1.05,CHEMBL:CHEMBL598477
DHRS9,15.002,(+/-)-WIEDENDIOL B
PPARG,0.84,CHEMBL:CHEMBL2178586
CHUK,7.501,CHEMBL:CHEMBL564009
PPARG,0.84,GANCAONIN L
NR1H2,2.02,DESMOSTEROL
SLC46A1,2.1,PEMETREXED DISODIUM
PPARG,0.84,ELATOSIDE D
ALB,0.597,OLMESARTAN MEDOXOMIL
RACGAP1,0.75,CHEMBL:CHEMBL498513
PIM1,3,CHEMBL:CHEMBL478510
AKR1C1,0.921,HUMAN CHORIONIC GONADOTROPIN
GJA1,0.562,SELENIUM
GRB2,0.6,TCDD
ITGAX,0.761,TETRADECANOYLPHORBOL ACETATE
KRT18,1.382,IL-6
MARCKSL1,0.729,TNF-ALPHA
ABL1,0.637,NILOTINIB
APH1B,1.515,SEMAGACESTAT
TRPV1,1.281,POLYGODIAL
ZIC4,1.382,HALOPERIDOL DECANOATE
TOR1A,1.382,HALOPERIDOL DECANOATE
RGS2,1.382,HALOPERIDOL DECANOATE
ZNF816,1.01,ETANERCEPT-SZZS
DPP4,0.525,ALOGLIPTIN
ADRB3,1.5,AMIBEGRON
ADRB1,0.597,BUCINDOLOL HYDROCHLORIDE
PARP1,0.9,NIRAPARIB
ABL1,0.637,NILOTINIB
CXCR1,3,NAVARIXIN
DPP4,0.63,SITAGLIPTIN
PTGIR,7.501,RALINEPAG
CNR2,1.515,OLORINAB
RYR1,3.751,ARM-210
NR1H4,0.761,APOMINE
KCNJ10,3.751,GLYMIDINE
PTH1R,3.751,CHEMBL:CHEMBL586870
HMGCR,0.729,HMG-COA REDUCTASE INHIBITOR
RPE65,7.501,TGAAG-76
GBA1,1.5,TALIGLUCERASE ALFA
PDCD1,1.281,LIPUSTOBART
PARP1,0.9,NIRAPARIB
CA9,3.751,WS-898
ABCF1,1.281,RHO-TIA
ASIC1,1.382,R-715
FOS,0.525,K777
ACTB,0.75,CCL15
ACTB,1.5,CCL11
CAPN5,0.547,CARBENOXOLONE
GJB1,0.547,CARBENOXOLONE
ACTG1,0.75,ALX40-4C
ACTG1,1.5,CXCR4 ANTAGONIST 22
COX11,3.751,COMPOUND 7P [PMID: 7861416]
ALDOA,3.751,AMG7703
ASS1P5,1.382,UBP302
AMD1P2,1.382,OXO-ARPROMIDINE
PRDM1,1.5,COMPOUND 1E [PMID: 2153213]
ADCY3,1.5,CID2440433
KCNQ5,0.729,FLINDOKALNER
EPHX2,1.5,LCK INHIBITOR
BCL3,2.02,24(S)-HYDROXYCHOLESTEROL
AMPD3,0.761,SAR100842
AMY2B,1.382,COMPOUND 17 [PMID: 17125263]
AMY2B,1.382,COMPOUND 4B [PMID: 19683441]
ANOP1,1.281,VU0483605
NKX3-2,1.05,GNE-131
BBS1,0.547,FUNAPIDE
BBS4,3.751,PF-01247324
APBA1,1.281,(R)-RO65-6570
BCKDHB,0.577,{4-[3-(4-ACETYL-3-HYDROXY-2-PROPYLPHENOXY)PROPOXY]PHENOXY}ACETIC ACID
COL9A1,2.1,EHNA
F9,1.382,CX-5279
FABP3,5.251,ONVANSERTIB
FABP2,5.251,ONVANSERTIB
APOA4,1.05,NEUROPEPTIDE Y
H1-2,7.501,DMAMCL
RPS6KA6,0.729,AT-9283
ABL1,0.637,NILOTINIB
FRA17A,3.751,DONECOPRIDE
PRKCE,1.05,CHEMBL:CHEMBL27768
ACTG1,1.5,CXCL12&BETA;
CMM,1.01,METYROSINE
GOLGA1,3.751,NU-7026
GRIA4,0.597,CX1739
MAP3K9,0.547,CERDULATINIB
H1-1,1.01,ZAPRINAST
NKX2-5,0.597,RUBOXISTAURIN
STK4,3.751,SBP-3264
AMY2B,1.382,S36541
PTPN1,4.201,LIPIDYL PSEUDOPTERANE D
BTS1,7.501,S-(-)CPB
TERT,3,CHEMBL:CHEMBL190474
CXCR1,3,NAVARIXIN
GAA,0.729,CHEMBL:CHEMBL12019
CRHR1,0.729,CORTICOTROPIN-RELEASING FACTOR
AKAP13,1.382,HALOPERIDOL DECANOATE
ACTA1,1.01,CCL15
ALAS2,1.01,PEXACERFONT
HTR1D,1.01,ELZASONAN HYDROCHLORIDE
CNR2,1.515,OLORINAB
GART,1.281,NQN-1
APOC4,1.382,"10,10-DIFLUORO TXA2"
GRIK1,2.1,DASOLAMPANEL
GMFA,3.751,AZD8329
EFNB2,1.01,MILREBRUTINIB
ACP5,2.02,(R)-2H [PMID:19625189]
PRDM1,1.5,COMPOUND 1F [PMID: 2153213]
ABL1,0.637,NILOTINIB
INSR,0.75,INSULIN ZINC SUSP BEEF
INSR,0.75,INSULIN SUSP ISOPHANE PURIFIED PORK
INSR,0.75,INSULIN ZINC SUSP EXTENDED RECOMBINANT HUMAN
INSR,0.75,INSULIN SUSP ISOPHANE BEEF
PDE1B,0.75,PENTOXIFYLLINE
ATP5F1E,3.751,BEDAQUILINE FUMARATE
PTGIR,7.501,RALINEPAG
POLE3,0.729,TROXACITABINE
POLE2,0.729,TROXACITABINE
VEGFA,1.01,BROLUCIZUMAB
ITGB1,0.729,ABITUZUMAB
MMP7,1.5,MARIMASTAT
CXCR4,6.301,ULOCUPLUMAB
GAK,10.502,4-(3-PYRIDIN-2-YL-1H-PYRAZOL-4-YL)QUINOLINE
GPR12,15.002,CHEMBL:CHEMBL496266
PPARG,0.84,CHEMBL:CHEMBL599165
PTPN11,7.501,CHEMBL:CHEMBL510966
ESRRA,0.729,FULVESTRANT
HKDC1,2.02,CHEMBL:CHEMBL600862
F2,1.382,CHEMBL:CHEMBL586628
P2RY2,1.05,CARBAMOYLCHOLINE
NR3C1,0.802,CHEMBL:CHEMBL1915271
G6PD,0.525,SODIUM SULFATE ANHYDROUS
IFNL3,2.1,OMBITASVIR
IFNL3,2.1,VOXILAPREVIR
NOTCH3,1.05,NOTCH SIGNALING PATHWAY INHIBITOR MK0752
ABCG2,0.547,ERLOTINIB HYDROCHLORIDE
MTAP,10.502,EFLORNITHINE
MYC,1.5,AN-9
TFPI,0.79,TINZAPARIN SODIUM
TNFRSF11B,3,RISEDRONIC ACID
IFNL3,3.15,DACLATASVIR
MTR,0.547,FOLIC ACID
MAP2K2,0.597,AZD8330
AHRR,2.1,TCDD
MET,3,ONARTUZUMAB
PARP1,4.201,INIPARIB
PSEN1,2.02,E2012
AKT3,0.547,IPATASERTIB
HTR2A,1.01,IFERANSERIN
CYP2E1,3.751,PERFLUBRON
DPP4,0.63,SITAGLIPTIN
CYP3A43,3.751,GINKGO
SCN5A,0.597,DISOPYRAMIDE
TNF,2.258,GOLIMUMAB
DHFR,0.547,PERFOSFAMIDE
DTYMK,1.01,STAVUDINE
SCN5A,0.597,DISOPYRAMIDE
ADORA1,0.729,CHEMBL:CHEMBL1950650
IL2,0.547,BCG VACCINE
ADRB3,1.5,CHEMBL:CHEMBL322862
PDE4A,0.597,MK-0873
CNR2,2.02,S-777469
CPS1,7.501,CARGLUMIC ACID
MATK,3,RECOMBINANT HUMAN STEM CELL FACTOR
SV2A,4.501,LEVETIRACETAM
PAX5,4.201,TCDD
AKT3,0.547,MIRANSERTIB
ADRB1,0.597,BRETYLIUM
MMP7,1.5,MARIMASTAT
ABL1,0.637,NILOTINIB
DMXL1,2.1,ILOMASTAT
KLF9,5.251,HG2+
BTF3,5.251,HG2+
EEF1D,0.729,RHO KINASE INHIBITOR IV
EEF1D,0.729,COMPOUND 46 [PMID: 16451062]
ACP5,2.02,ENCALERET
ACRV1,1.382,AM11542
CNR2,1.01,[3H]HU-243
CNR2,1.01,AM7499
CNR2,1.515,OLORINAB
ACTB,1.5,[3H]BANYU (I)
ACTBP5,7.501,[125I]CCL1 (HUMAN)
BTS1,7.501,FENOFIBRIC ACID
ALAS2,1.01,ONO-2333MS
ALAS2,1.01,UROCORTIN 1
C6,0.547,CARBENOXOLONE
C8B,0.547,CARBENOXOLONE
C7,0.547,CARBENOXOLONE
ACTG1,1.5,SDF1 P2G
ACTG1,1.5,CX549
APOBER1,1.05,17-PHENYL-&OMEGA;-TRINOR-PGE2
ARVD4,1.01,PICROTIN
ARL3,1.5,ZD7288
PRDM1,1.5,COMPOUND 17 [PMID: 15686906]
ADCY3,1.5,"CP55,244"
ADCY3,1.5,[3H]RIMONABANT
ADD3,1.382,SETOGEPRAM
FRA14B,10.502,COMPOUND 7 [PMID: 31381331]
CMM,1.01,METYROSINE
ANOP1,1.281,COMPOUND 11C [PMID: 17929793]
NR3C2,1.382,ESAXERENONE
AQP3,0.547,FK 224
APBA1,1.281,NIK-21273
APBA1,1.281,J-113397
GPR35,2.02,TAREXTUMAB
DPP4,0.525,ELENESTINIB
NRG1,0.547,NC1
AMT,1.5,CENERIMOD
CD44,1.382,ELOBIXIBAT
FCER1A,3.751,ROME
PKD2L1,0.547,GD3+
FGFR1,0.736,FGF RECEPTOR ANTAGONIST HGS1036
DTNBP1,0.6,CITALOPRAM
GCG,1.01,PYRAZOLE
GRIN2A,0.761,PLAZINEMDOR
SIGMAR1,2.1,E-52862
ACTN3,0.729,AM251
CD19,1.281,CD19-TARGETED CAR T2 CELLS
ATP5F1BP1,0.75,ALLICIN
KLKB1,7.501,BEROTRALSTAT HYDROCHLORIDE
CD19,1.281,INEBILIZUMAB-CDON
NOTCH2,1.5,ENOTICUMAB
CD27,7.501,INHIBITOR CB3
CYB5R2,2.1,RASBURICASE
SRD5A2,3.751,FINASTERIDE
PIM1,1.5,CHEMBL:CHEMBL478324
CHRNA2,0.75,CARBAMOYLCHOLINE
IL1R1,3.141,ANAKINRA
NTRK1,1.079,LAROTRECTINIB
PTGFR,3.751,LATANOPROSTENE BUNOD
F2,1.382,AZD-8165
ATF3,7.501,[125I]&ALPHA;-CONOTOXIN MII
ACTG1,0.75,MOTIXAFORTIDE
CD3E,0.729,SOLITOMAB
HSP90AB1,0.761,AUY922
NTRK1,1.079,LAROTRECTINIB
SSTR2,0.729,PASIREOTIDE DIASPARTATE
ADRB1,0.597,ACEBUTOLOL HYDROCHLORIDE
INSR,1.5,"INSULIN, REGULAR, PORK"
PDE6A,0.75,PENTOXIFYLLINE
SYK,0.75,SOVLEPLENIB
TRPV1,1.281,JTS-653
CXCR4,3.15,MOTIXAFORTIDE
SLC6A4,0.597,INDALPINE
SOAT1,0.597,URSODIOL
ABCC2,0.729,CEFAMANDOLE
PTPN1,4.201,MOROLIC ACID
PRKCA,0.547,BRYOSTATIN
DPP4,2.1,VALACYCLOVIR
PTPN1,4.201,CHEMBL:CHEMBL1162414
TERT,3,CHEMBL:CHEMBL89977
NCOA1,0.547,METHYLTHIONINIUM CHLORIDE
NLRP3,0.729,ENCLOMIPHENE CITRATE
CYBB,1.01,APIGENIN
CAMK4,5.251,ESTRADIOL 3-BENZOATE
COL18A1,3.751,RECOMBINANT COLONY STIMULATING FACTOR
ITGB2,0.729,RECOMBINANT FAS LIGAND
ITGAM,0.547,DIMETHYL SULFOXIDE
NRG1,0.729,INTERLEUKIN-8
SHBG,1.05,ADJUVANT
PLEKHA6,1.382,HALOPERIDOL DECANOATE
HOMER1,1.382,HALOPERIDOL DECANOATE
DMD,7.501,VILTOLARSEN
CNR2,2.02,PRS-211375
CDK7,0.525,ALVOCIDIB
F2,1.382,FLOVAGATRAN
ADRB3,3,RITOBEGRON
TLR9,4.633,LEFITOLIMOD
CSF2,2.1,NAMILUMAB
CYP17A1,3.751,GALETERONE
F2R,1.01,VORAPAXAR
SCN5A,0.597,MEXILETINE
KRAS,0.547,SOTORASIB
SCNN1B,1.823,TRIAMTERENE
SCN5A,0.597,MEXILETINE
MMP21,2.1,ILOMASTAT
TSPO,1.382,DEXTOFISOPAM
CHRNA2,0.75,CARBAMOYLCHOLINE
GRM2,3.751,JNJ-40411813
REEP5,0.75,CITALOPRAM
IDO1,3.751,EPACADOSTAT
ABCA4,0.597,SNAP5089
ASIC2,0.761,MK-5046
GCLC,1.05,(+)-JQ1
EFNB2,1.01,BMS-986142
EFNB2,1.01,BRANEBRUTINIB
EFNB2,1.01,GDC-0834
ASIC1,1.382,[DES-ARG11]T-KININ
ASIC1,1.382,"[DES-PRO8,DES-PHE9,DES-ARG10]KALLIDIN"
ASIC1,1.382,"[LEU8,DES-ARG9]BRADYKININ"
CD27,7.501,INHIBITOR E18
FRA20A,2.1,PHYSOSTIGMINE
CYP27B1,2.02,COMPOUND 4 [PMID: 19954973]
ACTA1,1.01,CCL14
ACTB,1.5,RO116-4875/608
C4A,0.547,CARBENOXOLONE
BLVRA,0.729,ISOPENTENYL PYROPHOSPHATE
APOC2,2.1,LATANOPROST (FREE ACID FORM)
GRIK3,3.751,[3H]UBP310
ARL1,2.1,ZD7288
GMFA,7.501,AZD4017
GMFA,7.501,ABT-384
PRDM1,1.5,GLPDGG PEPTIDE [PMID: 20494585]
ADCY3,1.5,GSK575594A
ADCY3,0.75,PALMIDROL
ARF4P1,0.597,FLINDOKALNER
AZF2,2.02,L735821
AZGP1,0.547,FLINDOKALNER
AZF2,0.577,EZOGABINE
BCL3,2.02,AZ12260493
CLN8,7.501,COMPOUND 22M [PMID: 19831390]
AMY2B,1.382,S36540
ANOP1,1.281,COMPOUND 10I [PMID: 23084894]
ANOP1,1.281,CIS-10 [PMID: 15771457]
BBS2,3.751,&BETA;-SCORPION TOXIN CN2
AQP3,0.547,KASSININ
SLCO2B1,1.05,VERLUKAST
COL11A1,0.547,ROFLUMILAST
CYB5R1,2.1,RASBURICASE
BIRC5,0.597,TIP39-(7-39) (MOUSE)
H1-2,7.501,COMPOUND 1 [PMID: 31465224]
CXADR,7.501,LY2584702
AMT,1.5,NIBR-0213
CD3E,0.729,SERGLIFLOZIN
AQP1,1.382,NNC269100
KRAS,0.547,MEK INHIBITOR GDC-0623
KEAP1,1.05,CAMRELIZUMAB
PALB2,0.547,MITOMYCIN
CD19,1.281,VADACABTAGENE LERALEUCEL
AVPR1B,3.751,TERLIPRESSIN
GALNT18,10.502,TOCILIZUMAB
CYB5R4,1.05,ISOSORBIDE MONONITRATE
EDNRB,3.751,BOSENTAN ANHYDROUS
DHFR,0.525,PEMETREXED DISODIUM
BPGM,7.501,D-(-)-AMYGDALIN
EPHX1,2.02,AR-9281
MYC,0.75,MILODISTIM
APOC2,1.05,LATANOPROSTENE BUNOD
EPCAM,6.301,CITATUZUMAB BOGATOX
ACP3,1.05,ALANINE
AMHR2,1.382,POBILUKAST
AXL,0.547,"COMPOUND 1 [CRUZ-L&OACUTE;PEZ ET AL., 2019]"
ADRB3,1.5,AMIBEGRON HYDROCHLORIDE
POLA1,0.547,TROXACITABINE
CRHR2,3.751,4-OME-ARM1
POLA1,1.036,CLOFARABINE
CHRNB2,0.729,SIMPINICLINE
RTKN2,1.382,HALOPERIDOL DECANOATE
AQP4,1.382,[3H]GR100679
NR3C2,1.382,RU28318
NQO1,2.02,CHEMBL:CHEMBL1287866
TERT,3,IMETELSTAT
AFP,2.02,YTTRIUM Y 90 TACATUZUMAB TETRAXETAN
AMPH,2.02,DODECYLPHOSPHATE
IFNG,3.751,FONTOLIZUMAB
GRM4,7.501,CHEMBL:CHEMBL559271
NR3C2,1.382,DESOXYCORTICOSTERONE ACETATE
F10,0.595,RIVAROXABAN
PDE1C,0.75,PENTOXIFYLLINE
KCNK3,3.751,DOXAPRAM HYDROCHLORIDE
PPARG,0.84,CLX-0921
SLC22A12,2.02,ARHALOFENATE
SSTR2,0.729,PASIREOTIDE
ATP4A,0.729,VONOPRAZAN FUMARATE
RNF130,7.501,ATOLTIVIMAB
MAP2K2,0.597,SELUMETINIB SULFATE
NTSR1,0.547,CHEMBL:CHEMBL493863
NR1H2,1.01,GW3965
CCR2,0.761,PLERIXAFOR
SLC18A2,2.1,TETRABENAZINE
NR1H4,0.761,SUVANINE'S SODIUM SALT
IFNL3,4.201,DASABUVIR
GADD45A,15.002,BRIVUDINE PHOSPHORAMIDATE
HMGB1,0.502,AMPICILLIN (ANHYDROUS)
HLA-A,3.751,POLYVALENT MELANOMA VACCINE
PLAT,0.597,UROKINASE
CXCL8,1.296,TALC
PRL,0.729,DEXAMETHASONE ACETATE
KCNE1,3,INDAPAMIDE
BDKRB2,0.547,IMIDAPRIL
GAPVD1,5.251,INTERFERON BETA-1B
TERT,3,IMETELSTAT
TERT,3,SODIUM METAARSENITE
ITGA2B,3.646,ABCIXIMAB
PSEN1,1.01,AVAGACESTAT
MTNR1A,7.501,RAMELTEON
ADRB3,0.75,SOLABEGRON
DHFR,0.547,TALOTREXIN
CXCR4,3.15,MOTIXAFORTIDE
TERT,3,SODIUM METAARSENITE
CXCL8,1.296,ABX-IL8
CXCR4,6.301,MSX-122
TACR2,2.1,TALAROZOLE
ACHE,2.317,AMBENONIUM
ADRB1,0.994,BETAXOLOL
ADRB3,0.75,RIMITEROL
CRHR2,7.501,UROCORTIN 2
CNR2,1.01,VICASINABIN
CNR2,2.02,LY2828360
APOBER1,0.525,EPOPROSTENOL
ALPI,2.1,MGIPANT-1
GRIN2A,0.761,NYX-2925
ADCY3,1.5,T1117
ATHS,3.751,RGIA4
AQP4,1.382,YM44781
APBA1,1.281,UFP-102
ANXA1,0.597,RF9
ANXA1,0.597,NEUROPEPTIDE FF
APBA2,1.382,SB-410220
AMT,0.75,VPC23019
AMT,1.5,BMS-986166
CD3E,0.729,ENAVOGLIFLOZIN
SHROOM2,0.525,BIM 23034
DMP1,3.751,MOTOLIMOD
APOC4,1.382,[125I]SAP
APOC4,1.382,[3H]SQ-29548
ATP3,1.382,NADIDE
BCL7A,3.751,"CALCITRIOL-26,23-LACTONE"
BIRC5,0.597,SURVAXM
RPE65,15.002,EMIXUSTAT
SSTR2,0.729,PASIREOTIDE
CASP1,1.01,PRALNACASAN
BACE1,2.02,AZD-3839
CHEK1,2.073,RABUSERTIB
KLKB1,7.501,LANADELUMAB-FLYO
CD19,1.281,AUTOLOGOUS ANTI-CD19 CHIMERIC ANTIGEN RECEPTOR T-CELLS SJCAR19
SIGMAR1,1.05,OPC-14523
COMT,1.5,ENTACAPONE
CNN1,3.751,COMPOUND 21 [PMID: 23981033]
AMFR,3.751,12R-HETE
EFNA2,1.01,GSK329
EFNB2,1.01,LFM-A13
EFNB2,1.01,COMPOUND 71 [WO2018191577A1]
EFNB2,1.01,CGI560
BDKRB2,0.547,BRADYKININ
DAPK1,3.751,ZY15557
FYN,0.729,BINDARIT
APOC2,2.1,"13,14-DIHYDRO-16-M-CHLOROPHENOXY-W-TETRANOR-PGF1&ALPHA;"
PRDM1,1.5,DFGYVAE
PRDM1,1.5,COMPOUND 11NN [PMID: 1656041]
PRDM1,1.5,COMPOUND 2F [PMID: 2153213]
H1-2,7.501,TEPP-46
PRDM1,1.5,FPYVAE PEPTIDE [PMID: 20494585]
PRDM1,1.5,COMPOUND 29 [PMID: 15686906]
AMT,0.75,ST-1478
GRK3,0.547,SRIF-28
TEC,0.577,PRN694
ATP1B1P1,0.597,ALLICIN
FXYD2,0.547,GD3+
ANXA2P3,1.01,"[ALA31,AIB32]NPY (PIG)"
PIK3CA,0.729,RLY-2608
PARP3,0.729,VELIPARIB
POLD4,0.729,TROXACITABINE
PRIM2,0.729,TROXACITABINE
POLD3,0.729,TROXACITABINE
DPP4,1.05,BEGELOMAB
ADH5,7.501,CAVOSONSTAT
NR1H4,0.761,TERN-101
ADH5,3.751,N6022
NR1H4,0.761,THEONELLASTEROL C
STX2,0.729,RKI-1447
RAD54L,0.525,CHEMBL:CHEMBL534047
F2,1.382,CYANIN
RACGAP1,0.75,CHEMBL:CHEMBL1173141
AMY2B,1.382,PYRROLIDINE MCHR1 ANTAGONIST 1
AMY2B,1.382,COMPOUND (R)-10H [PMID: 22490048]
CXCR4,4.201,CHEMBL:CHEMBL2347633
PPARG,0.84,CHEMBL:CHEMBL2178596
PDCD1,1.281,PIDILIZUMAB
PDCD1,1.281,PIDILIZUMAB
BCL2,1.281,AMINOLEVULINIC ACID
BCL2,1.281,MICELLAR PACLITAXEL
SLC25A4,1.382,RO4491533
CDKN1A,1.129,CASPASE INHIBITOR
CTSG,0.547,TNF-ALPHA
PTPRZ1,0.761,TETRADECANOYLPHORBOL ACETATE
SLC16A1,0.761,TETRADECANOYLPHORBOL ACETATE
TFAP2A,0.729,TNF-ALPHA
TNF,1.129,PNEUMOCOCCAL POLYVALENT VACCINE
TNF,1.129,HUANG LIAN
TNFRSF8,0.547,RECOMBINANT CHEMOKINE
G6PD,0.525,SODIUM NITRATE
PAPLN,3,CITALOPRAM
CYB5R1,1.05,ISOSORBIDE MONONITRATE
CYB5R2,1.05,ISOSORBIDE MONONITRATE
FMO1,0.761,NICOTINE POLACRILEX
IKZF3,1.281,CYCLOPHOSPHAMIDE ANHYDROUS
G6PD,0.525,SULFACETAMIDE
RFK,3,CITALOPRAM
PPARG,0.84,CLX-0921
SLC25A4,0.502,CLODRONIC ACID
PRKAB1,1.01,METFORMIN
RAF1,2.02,ICO-007
CHRNA2,0.75,CARBAMOYLCHOLINE
CHRNA2,7.501,PIPECURONIUM
MTNR1A,7.501,RAMELTEON
CXCR4,2.1,PF-06747143
SLC6A4,0.597,DA-8031
GABRA5,0.597,ALOGABAT
ANXA7,3.751,JMV458
ACTBP2,0.729,AZD5672
SLCO1B3,0.525,RIFAMYCIN SV
GATM,3.751,ODRONEXTAMAB
SLCO2B1,0.525,RIFAMYCIN SV
C4BPB,0.547,CARBENOXOLONE
EPHA7,0.729,TAKINIB
ATP5ME,3.751,BL-1249
ANOP1,1.281,COMPOUND 12E [PMID: 22266036]
NR3C2,1.382,ALDOSTERONE
CTNNA1,1.01,ASTX029
H1-1,1.01,"NITROFURANTOIN, MACROCRYSTALS"
H4F3,1.01,ZAPRINAST
DCX,2.1,ILOMASTAT
CTBS,3.751,CHELERYTHRINE
FRA4A,7.501,TAFOLECIMAB
IDH2,0.729,DUBERMATINIB
